Product ID,Category,Sub Category,Color,Sizes,Production Cost
1,Feminine,Coats and Blazers,,S|M|L|XL,10.73
2,Feminine,Sweaters and Knitwear,PINK,S|M|L|XL,19.55
3,Feminine,Dresses and Jumpsuits,BLACK,S|M|L|XL,25.59
4,Feminine,Shirts and Blouses,,S|M|L|XL,27.62
5,Feminine,T-shirts and Tops,,S|M|L,11.69
6,Feminine,Pants and Jeans,,36|38|40|42|44|46,6.7
7,Feminine,Skirts and Shorts,,S|M|L,9.11
8,Feminine,Suits and Sets,,S|M|L,14.37
9,Feminine,Sportswear,,S|M|L|XL,29.04
10,Feminine,Pajamas,,S|M|L|XL,16.5
11,Feminine,Accessories,,,1.9
12,Masculine,Coats and Blazers,YELLOW,M|L|XL|XXL,33.22
13,Masculine,Sweaters and Sweatshirts,RED,M|L|XL|XXL,15.8
14,Masculine,T-shirts and Polos,,M|L|XL|XXL,8.36
15,Masculine,Shirts,,M|L|XL|XXL,6.87
16,Masculine,Pants and Jeans,,38|40|42|44|46|48,23.87
17,Masculine,Suits,,M|L|XL|XXL,40.81
18,Masculine,Sportswear,,M|L|XL|XXL,21.7
19,Masculine,Blazers,,M|L|XL|XXL,14.58
20,Masculine,Accessories,,,3.85
21,Children,Baby (0-12 months),TURQUOISE,P|M|G,11.21
22,Children,"Girl and Boy (1-5 years, 6-14 years)",,P|M|G|GG,7.41
23,Children,Coats,,P|M|G,12.56
24,Children,Sweaters,,P|M|G,13.46
25,Children,Pajamas-2,,P|M|G,13.83
26,Children,Accessories,,,5.37
27,Feminine,Coats and Blazers,LILAC,S|M|L|XL,20.37
28,Feminine,Sweaters and Knitwear,PINK,S|M|L|XL,28.09
29,Feminine,Dresses and Jumpsuits,WHITE,S|M|L|XL,20.79
30,Feminine,Shirts and Blouses,,S|M|L|XL,8.55
31,Feminine,T-shirts and Tops,,S|M|L|XL,1.86
32,Feminine,Pants and Jeans,,36|38|40|42|44|46,42.43
33,Feminine,Skirts and Shorts,,S|M|L|XL,2.76
34,Feminine,Suits and Sets,,S|M|L|XL,27.84
35,Feminine,Sportswear,,S|M|L|XL,6.5
36,Feminine,Pajamas,,S|M|L|XL,11.43
37,Feminine,Accessories,,,8.07
38,Masculine,Coats and Blazers,GREEN,M|L|XL|XXL,23.29
39,Masculine,Sweaters and Sweatshirts,RED,M|L|XL|XXL,5.24
40,Masculine,T-shirts and Polos,GOLD,M|L|XL|XXL,8.45
41,Masculine,Shirts,,M|L|XL|XXL,8.13
42,Masculine,Pants and Jeans,,38|40|42|44|46|48,13.28
43,Masculine,Suits,,M|L|XL|XXL,64.21
44,Masculine,Sportswear,,M|L|XL|XXL,22.16
45,Masculine,Blazers,,M|L|XL|XXL,6.55
46,Masculine,Accessories,SILVER,,1.65
47,Children,Baby (0-12 months),LILAC,P|M|G,13.27
48,Children,"Girl and Boy (1-5 years, 6-14 years)",NEUTRAL,P|M|G|GG,4.98
49,Children,Coats,MUSTARD,P|M|G,30.87
50,Children,Sweaters,,P|M|G,10.55
51,Children,Pajamas-2,,P|M|G,20.5
52,Children,Accessories,,,1.76
53,Feminine,Coats and Blazers,GREEN,S|M|L|XL,32.53
54,Feminine,Sweaters and Knitwear,WHITE,S|M|L|XL,24.84
55,Feminine,Dresses and Jumpsuits,BLUE,S|M|L|XL,13.71
56,Feminine,Shirts and Blouses,,S|M|L|XL,8.89
57,Feminine,T-shirts and Tops,,S|M|L|XL,4.75
58,Feminine,Pants and Jeans,,36|38|40|42|44|46,20.75
59,Feminine,Skirts and Shorts,,S|M|L|XL,16.26
60,Feminine,Suits and Sets,,S|M|L|XL,15.8
61,Feminine,Sportswear,,S|M|L|XL,11.1
62,Feminine,Pajamas,,S|M|L|XL,5.53
63,Feminine,Accessories,,,4.8
64,Masculine,Coats and Blazers,NEUTRAL,M|L|XL|XXL,12.02
65,Masculine,Sweaters and Sweatshirts,GREEN,M|L|XL|XXL,22.56
66,Masculine,T-shirts and Polos,SILVER,M|L|XL|XXL,2.6
67,Masculine,Shirts,,M|L|XL|XXL,14.08
68,Masculine,Pants and Jeans,,38|40|42|44|46|48,28.01
69,Masculine,Suits,,M|L|XL|XXL,19.2
70,Masculine,Sportswear,,M|L|XL|XXL,19.88
71,Masculine,Blazers,,M|L|XL|XXL,6.57
72,Masculine,Accessories,,,6.41
73,Children,Baby (0-12 months),BEIGE,P|M|G,11.08
74,Children,"Girl and Boy (1-5 years, 6-14 years)",MUSTARD,P|M|G|GG,8.11
75,Children,Coats,,P|M|G,6.73
76,Children,Sweaters,,P|M|G,12.33
77,Children,Pajamas-2,,P|M|G,12.52
78,Children,Accessories,,,2
79,Feminine,Coats and Blazers,BEIGE,S|M|L|XL,9.89
80,Feminine,Sweaters and Knitwear,GOLD,S|M|L|XL,15.31
81,Feminine,Dresses and Jumpsuits,YELLOW,S|M|L|XL,9.31
82,Feminine,Shirts and Blouses,,S|M|L|XL,6.72
83,Feminine,T-shirts and Tops,,S|M|L|XL,10.44
84,Feminine,Pants and Jeans,,36|38|40|42|44|46,21.14
85,Feminine,Skirts and Shorts,,S|M|L|XL,15.26
86,Feminine,Suits and Sets,,S|M|L|XL,52.4
87,Feminine,Sportswear,,S|M|L,25.05
88,Feminine,Pajamas,,S|M|L|XL,17.84
89,Feminine,Accessories,,,7.04
90,Masculine,Coats and Blazers,PINK,M|L|XL|XXL,28.48
91,Masculine,Sweaters and Sweatshirts,NEUTRAL,M|L|XL,21.63
92,Masculine,T-shirts and Polos,,M|L|XL|XXL,4.62
93,Masculine,Shirts,,M|L|XL|XXL,4.42
94,Masculine,Pants and Jeans,,38|40|42|44|46|48,4.56
95,Masculine,Suits,,M|L|XL,45.43
96,Masculine,Sportswear,,M|L|XL|XXL,13.37
97,Masculine,Blazers,,M|L|XL|XXL,18.51
98,Masculine,Accessories,,,7.15
99,Children,Baby (0-12 months),WHITE,P|M|G,11.15
100,Children,"Girl and Boy (1-5 years, 6-14 years)",GOLD,P|M|G|GG,21.91
101,Children,Coats,LILAC,P|M|G,30.53
102,Children,Sweaters,,P|M|G,17.83
103,Children,Pajamas-2,,P|M|G,11.41
104,Children,Accessories,,,7.04
105,Feminine,Coats and Blazers,YELLOW,S|M|L|XL,26.81
106,Feminine,Sweaters and Knitwear,TURQUOISE,S|M|L,11.18
107,Feminine,Dresses and Jumpsuits,,S|M|L,32.04
108,Feminine,Shirts and Blouses,,S|M|L|XL,19.77
109,Feminine,T-shirts and Tops,,S|M|L|XL,9.05
110,Feminine,Pants and Jeans,,36|38|40|42|44|46,34.1
111,Feminine,Skirts and Shorts,,S|M|L|XL,10.34
112,Feminine,Suits and Sets,,S|M|L|XL,60.91
113,Feminine,Sportswear,,S|M|L|XL,10.6
114,Feminine,Pajamas,,S|M|L|XL,6.48
115,Feminine,Accessories,,,2.78
116,Masculine,Coats and Blazers,NEUTRAL,M|L|XL|XXL,28.35
117,Masculine,Sweaters and Sweatshirts,GREEN,M|L|XL,15.69
118,Masculine,T-shirts and Polos,BURGUNDY,M|L|XL|XXL,30.18
119,Masculine,Shirts,,M|L|XL|XXL,5.78
120,Masculine,Pants and Jeans,,38|40|42|44|46|48,19.09
121,Masculine,Suits,,M|L|XL|XXL,27.76
122,Masculine,Sportswear,,M|L|XL|XXL,14.62
123,Masculine,Blazers,,M|L|XL|XXL,15.74
124,Masculine,Accessories,,,5.76
125,Children,Baby (0-12 months),,P|M|G,14.86
126,Children,"Girl and Boy (1-5 years, 6-14 years)",GREEN,P|M|G|GG,20.82
127,Children,Coats,BLUE,P|M|G,29.51
128,Children,Sweaters,,P|M|G,21.77
129,Children,Pajamas-2,,P|M|G,13.61
130,Children,Accessories,,,8.91
131,Feminine,Coats and Blazers,BLUE,S|M|L|XL,49.28
132,Feminine,Sweaters and Knitwear,LILAC,S|M|L|XL,15.05
133,Feminine,Dresses and Jumpsuits,TURQUOISE,S|M|L|XL,35.75
134,Feminine,Shirts and Blouses,,S|M|L|XL,25.07
135,Feminine,T-shirts and Tops,,S|M|L|XL,6.95
136,Feminine,Pants and Jeans,,36|38|40|42|44,4.9
137,Feminine,Skirts and Shorts,,S|M|L,19.9
138,Feminine,Suits and Sets,,S|M|L|XL,27.1
139,Feminine,Sportswear,,S|M|L|XL,22.07
140,Feminine,Pajamas,,S|M|L|XL,7.07
141,Feminine,Accessories,,,3.49
142,Masculine,Coats and Blazers,GREEN,M|L|XL|XXL,14.16
143,Masculine,Sweaters and Sweatshirts,BLACK,M|L|XL|XXL,11.82
144,Masculine,T-shirts and Polos,TURQUOISE,M|L|XL,29.45
145,Masculine,Shirts,,M|L|XL,11.58
146,Masculine,Pants and Jeans,,38|40|42|44|46|48,8.24
147,Masculine,Suits,,M|L|XL|XXL,17.53
148,Masculine,Sportswear,,M|L|XL|XXL,7.01
149,Masculine,Blazers,,M|L|XL|XXL,5.43
150,Masculine,Accessories,,,1.78
151,Children,Baby (0-12 months),,P|M|G,7.41
152,Children,"Girl and Boy (1-5 years, 6-14 years)",SILVER,P|M|G,27.81
153,Children,Coats,SILVER,P|M|G,22.08
154,Children,Sweaters,,P|M|G,15.09
155,Children,Pajamas-2,,P|M|G,13.06
156,Children,Accessories,,,2.43
157,Feminine,Coats and Blazers,SILVER,S|M|L|XL,10.49
158,Feminine,Sweaters and Knitwear,BURGUNDY,S|M|L,22.89
159,Feminine,Dresses and Jumpsuits,BEIGE,S|M|L,32.17
160,Feminine,Shirts and Blouses,,S|M|L|XL,5.28
161,Feminine,T-shirts and Tops,,S|M|L|XL,10
162,Feminine,Pants and Jeans,,36|38|40|42|44|46,29.13
163,Feminine,Skirts and Shorts,,S|M|L|XL,12.95
164,Feminine,Suits and Sets,,S|M|L|XL,60.27
165,Feminine,Sportswear,,S|M|L|XL,16.78
166,Feminine,Pajamas,,S|M|L|XL,20.77
167,Feminine,Accessories,,,9.43
168,Masculine,Coats and Blazers,RED,M|L|XL|XXL,21.82
169,Masculine,Sweaters and Sweatshirts,SILVER,M|L|XL|XXL,19.2
170,Masculine,T-shirts and Polos,PINK,M|L|XL|XXL,5.76
171,Masculine,Shirts,,M|L|XL|XXL,14.43
172,Masculine,Pants and Jeans,,38|40|42|44,13.48
173,Masculine,Suits,,M|L|XL|XXL,37.61
174,Masculine,Sportswear,,M|L|XL,9.5
175,Masculine,Blazers,,M|L|XL|XXL,6
176,Masculine,Accessories,,,3.3
177,Children,Baby (0-12 months),,P|M|G,7.24
178,Children,"Girl and Boy (1-5 years, 6-14 years)",,P|M|G|GG,13.01
179,Children,Coats,BLUE,P|M|G,15.16
180,Children,Sweaters,,P|M|G,6.88
181,Children,Pajamas-2,,P|M|G,21.32
182,Children,Accessories,,,15.04
183,Feminine,Coats and Blazers,GREEN,S|M|L|XL,28.67
184,Feminine,Sweaters and Knitwear,YELLOW,S|M|L|XL,13.64
185,Feminine,Dresses and Jumpsuits,BLUE,S|M|L|XL,17.48
186,Feminine,Shirts and Blouses,,S|M|L|XL,5.19
187,Feminine,T-shirts and Tops,,S|M|L|XL,13.51
188,Feminine,Pants and Jeans,,36|38|40|42|44|46,55.71
189,Feminine,Skirts and Shorts,,S|M|L|XL,8.6
190,Feminine,Suits and Sets,,S|M|L|XL,27.87
191,Feminine,Sportswear,,S|M|L|XL,13.8
192,Feminine,Pajamas,,S|M|L|XL,13.99
193,Feminine,Accessories,,,13.56
194,Masculine,Coats and Blazers,BLUE,M|L|XL|XXL,25.14
195,Masculine,Sweaters and Sweatshirts,BLACK,M|L|XL|XXL,15.13
196,Masculine,T-shirts and Polos,,M|L|XL|XXL,11.73
197,Masculine,Shirts,,M|L|XL|XXL,10.54
198,Masculine,Pants and Jeans,,38|40|42|44|46|48,55.24
199,Masculine,Suits,,M|L|XL|XXL,48.8
200,Masculine,Sportswear,,M|L|XL|XXL,18.18
201,Masculine,Blazers,,M|L|XL|XXL,6.83
202,Masculine,Accessories,,,3.66
203,Children,Baby (0-12 months),MUSTARD,P|M|G,23.94
204,Children,"Girl and Boy (1-5 years, 6-14 years)",TURQUOISE,P|M|G|GG,21.75
205,Children,Coats,SILVER,P|M|G,22.82
206,Children,Sweaters,,P|M|G,9.12
207,Children,Pajamas-2,,P|M|G,2.92
208,Children,Accessories,,,5.23
209,Feminine,Coats and Blazers,BLUE,S|M|L|XL,28.96
210,Feminine,Sweaters and Knitwear,BLACK,S|M|L|XL,14.6
211,Feminine,Dresses and Jumpsuits,BLUE,S|M|L|XL,21.37
212,Feminine,Shirts and Blouses,,S|M|L|XL,11.81
213,Feminine,T-shirts and Tops,,S|M|L|XL,10.9
214,Feminine,Pants and Jeans,,36|38|40|42|44|46,20.9
215,Feminine,Skirts and Shorts,,S|M|L|XL,8.75
216,Feminine,Suits and Sets,,S|M|L|XL,25.25
217,Feminine,Sportswear,,S|M|L|XL,5.68
218,Feminine,Pajamas,,S|M|L|XL,5.8
219,Feminine,Accessories,GOLD,,11.52
220,Masculine,Coats and Blazers,YELLOW,M|L|XL,14.68
221,Masculine,Sweaters and Sweatshirts,BEIGE,M|L|XL|XXL,12.32
222,Masculine,T-shirts and Polos,GREEN,M|L|XL|XXL,3.89
223,Masculine,Shirts,,M|L|XL,6.63
224,Masculine,Pants and Jeans,,38|40|42|44|46|48,45.57
225,Masculine,Suits,,M|L|XL|XXL,22.3
226,Masculine,Sportswear,,M|L|XL|XXL,12.61
227,Masculine,Blazers,,M|L|XL|XXL,6.15
228,Masculine,Accessories,,,12.29
229,Children,Baby (0-12 months),WHITE,P|M|G,14.43
230,Children,"Girl and Boy (1-5 years, 6-14 years)",BLUE,P|M|G|GG,26.51
231,Children,Coats,SILVER,P|M|G,29.9
232,Children,Sweaters,,P|M|G,11.82
233,Children,Pajamas-2,,P|M|G,3.91
234,Children,Accessories,,,7.44
235,Feminine,Coats and Blazers,GREEN,S|M|L|XL,25.69
236,Feminine,Sweaters and Knitwear,GREEN,S|M|L|XL,14.34
237,Feminine,Dresses and Jumpsuits,SILVER,S|M|L,24.07
238,Feminine,Shirts and Blouses,,S|M|L|XL,9.35
239,Feminine,T-shirts and Tops,,S|M|L|XL,14.05
240,Feminine,Pants and Jeans,,36|38|40|42,15.34
241,Feminine,Skirts and Shorts,,S|M|L|XL,21.71
242,Feminine,Suits and Sets,,S|M|L|XL,34.95
243,Feminine,Sportswear,,S|M|L|XL,17.34
244,Feminine,Pajamas,,S|M|L|XL,16.25
245,Feminine,Accessories,SILVER,,7.99
246,Masculine,Coats and Blazers,BURGUNDY,M|L|XL|XXL,41.43
247,Masculine,Sweaters and Sweatshirts,BLUE,M|L|XL|XXL,10.29
248,Masculine,T-shirts and Polos,BURGUNDY,M|L|XL|XXL,9.67
249,Masculine,Shirts,,M|L|XL|XXL,9.09
250,Masculine,Pants and Jeans,,38|40|42|44|46|48,40.6
251,Masculine,Suits,,M|L|XL|XXL,28.42
252,Masculine,Sportswear,,M|L|XL|XXL,5.2
253,Masculine,Blazers,,M|L|XL|XXL,9.69
254,Masculine,Accessories,,,4.12
255,Children,Baby (0-12 months),TURQUOISE,P|M|G,9.28
256,Children,"Girl and Boy (1-5 years, 6-14 years)",RED,P|M|G|GG,23.08
257,Children,Coats,TURQUOISE,P|M|G,14.64
258,Children,Sweaters,,P|M|G,7.36
259,Children,Pajamas-2,,P|M|G,8.99
260,Children,Accessories,,,5.88
261,Feminine,Coats and Blazers,MUSTARD,S|M|L|XL,23.75
262,Feminine,Sweaters and Knitwear,TURQUOISE,S|M|L|XL,23.71
263,Feminine,Dresses and Jumpsuits,,S|M|L|XL,27.27
264,Feminine,Shirts and Blouses,,S|M|L,22.37
265,Feminine,T-shirts and Tops,,S|M|L|XL,17.28
266,Feminine,Pants and Jeans,,36|38|40|42|44,19.32
267,Feminine,Skirts and Shorts,,S|M|L|XL,11.96
268,Feminine,Suits and Sets,,S|M|L|XL,36.52
269,Feminine,Sportswear,,S|M|L|XL,3.55
270,Feminine,Pajamas,,S|M|L|XL,11.33
271,Feminine,Accessories,,,7.41
272,Masculine,Coats and Blazers,PINK,M|L|XL|XXL,22.2
273,Masculine,Sweaters and Sweatshirts,BLACK,M|L|XL|XXL,23.46
274,Masculine,T-shirts and Polos,PINK,M|L|XL|XXL,5.93
275,Masculine,Shirts,,M|L|XL|XXL,17.21
276,Masculine,Pants and Jeans,,38|40|42|44|46,13.27
277,Masculine,Suits,,M|L|XL|XXL,62.48
278,Masculine,Sportswear,,M|L|XL|XXL,27.61
279,Masculine,Blazers,,M|L|XL|XXL,10.8
280,Masculine,Accessories,,,10.98
281,Children,Baby (0-12 months),SILVER,P|M|G,13.23
282,Children,"Girl and Boy (1-5 years, 6-14 years)",BLUE,P|M|G,9.61
283,Children,Coats,GREEN,P|M|G,14.11
284,Children,Sweaters,,P|M|G,24.5
285,Children,Pajamas-2,,P|M|G,5.32
286,Children,Accessories,,,2.99
287,Feminine,Coats and Blazers,BLUE,S|M|L,11.29
288,Feminine,Sweaters and Knitwear,BEIGE,S|M|L|XL,27.22
289,Feminine,Dresses and Jumpsuits,GOLD,S|M|L|XL,13.07
290,Feminine,Shirts and Blouses,,S|M|L,17.33
291,Feminine,T-shirts and Tops,,S|M|L|XL,7.07
292,Feminine,Pants and Jeans,,36|38|40|42|44|46,41.24
293,Feminine,Skirts and Shorts,,S|M|L|XL,6.98
294,Feminine,Suits and Sets,,S|M|L|XL,30.85
295,Feminine,Sportswear,,S|M|L|XL,23.55
296,Feminine,Pajamas,,S|M|L|XL,6.57
297,Feminine,Accessories,,,2.52
298,Masculine,Coats and Blazers,MUSTARD,M|L|XL|XXL,25.43
299,Masculine,Sweaters and Sweatshirts,BLACK,M|L|XL|XXL,16.39
300,Masculine,T-shirts and Polos,NEUTRAL,M|L|XL|XXL,10.58
301,Masculine,Shirts,,M|L|XL|XXL,7.29
302,Masculine,Pants and Jeans,,38|40|42|44|46|48,9.8
303,Masculine,Suits,,M|L|XL,42.33
304,Masculine,Sportswear,,M|L|XL|XXL,17.39
305,Masculine,Blazers,,M|L|XL|XXL,22.62
306,Masculine,Accessories,,,16.41
307,Children,Baby (0-12 months),GREEN,P|M|G,10.35
308,Children,"Girl and Boy (1-5 years, 6-14 years)",YELLOW,P|M|G|GG,18.29
309,Children,Coats,MUSTARD,P|M|G,14.99
310,Children,Sweaters,,P|M|G,15.69
311,Children,Pajamas-2,,P|M|G,11.27
312,Children,Accessories,,,6.36
313,Feminine,Coats and Blazers,PINK,S|M|L,20.47
314,Feminine,Sweaters and Knitwear,GREEN,S|M|L|XL,10.14
315,Feminine,Dresses and Jumpsuits,,S|M|L|XL,13.84
316,Feminine,Shirts and Blouses,,S|M|L|XL,9.93
317,Feminine,T-shirts and Tops,,S|M|L|XL,2.73
318,Feminine,Pants and Jeans,,36|38|40|42|44|46,35.27
319,Feminine,Skirts and Shorts,,S|M|L|XL,5.4
320,Feminine,Suits and Sets,,S|M|L|XL,27.02
321,Feminine,Sportswear,,S|M|L|XL,4.84
322,Feminine,Pajamas,,S|M|L|XL,8.13
323,Feminine,Accessories,,,0.93
324,Masculine,Coats and Blazers,WHITE,M|L|XL,14.38
325,Masculine,Sweaters and Sweatshirts,TURQUOISE,M|L|XL|XXL,9.12
326,Masculine,T-shirts and Polos,SILVER,M|L|XL|XXL,28.78
327,Masculine,Shirts,,M|L|XL|XXL,5.11
328,Masculine,Pants and Jeans,,38|40|42|44|46|48,29.78
329,Masculine,Suits,,M|L|XL|XXL,18.85
330,Masculine,Sportswear,,M|L|XL|XXL,18.27
331,Masculine,Blazers,,M|L|XL,9.26
332,Masculine,Accessories,,,1.27
333,Children,Baby (0-12 months),YELLOW,P|M|G,8.05
334,Children,"Girl and Boy (1-5 years, 6-14 years)",YELLOW,P|M|G|GG,4.27
335,Children,Coats,NEUTRAL,P|M|G,18.71
336,Children,Sweaters,,P|M|G,4.29
337,Children,Pajamas-2,,P|M|G,10.12
338,Children,Accessories,,,5.26
339,Feminine,Coats and Blazers,TURQUOISE,S|M|L,30.11
340,Feminine,Sweaters and Knitwear,BLUE,S|M|L|XL,11.16
341,Feminine,Dresses and Jumpsuits,TURQUOISE,S|M|L|XL,20.12
342,Feminine,Shirts and Blouses,,S|M|L|XL,12.5
343,Feminine,T-shirts and Tops,,S|M|L|XL,11.26
344,Feminine,Pants and Jeans,,36|38|40|42|44|46,27.53
345,Feminine,Skirts and Shorts,,S|M|L|XL,8.42
346,Feminine,Suits and Sets,,S|M|L|XL,71.77
347,Feminine,Sportswear,,S|M|L,26.42
348,Feminine,Pajamas,,S|M|L|XL,10.05
349,Feminine,Accessories,,,8.64
350,Masculine,Coats and Blazers,GREEN,M|L|XL|XXL,21.77
351,Masculine,Sweaters and Sweatshirts,,M|L|XL|XXL,3.94
352,Masculine,T-shirts and Polos,BLUE,M|L|XL|XXL,14.75
353,Masculine,Shirts,,M|L|XL|XXL,13.21
354,Masculine,Pants and Jeans,,38|40|42|44|46|48,22.44
355,Masculine,Suits,,M|L|XL|XXL,32.22
356,Masculine,Sportswear,,M|L|XL|XXL,8.51
357,Masculine,Blazers,,M|L|XL|XXL,11.99
358,Masculine,Accessories,,,8.52
359,Children,Baby (0-12 months),YELLOW,P|M|G,16.02
360,Children,"Girl and Boy (1-5 years, 6-14 years)",PINK,P|M|G|GG,12.38
361,Children,Coats,,P|M|G,11.1
362,Children,Sweaters,,P|M|G,18.39
363,Children,Pajamas-2,,P|M|G,6.63
364,Children,Accessories,,,5.3
365,Feminine,Coats and Blazers,SILVER,S|M|L|XL,5.84
366,Feminine,Sweaters and Knitwear,NEUTRAL,S|M|L|XL,9.32
367,Feminine,Dresses and Jumpsuits,,S|M|L|XL,24.35
368,Feminine,Shirts and Blouses,,S|M|L|XL,5.6
369,Feminine,T-shirts and Tops,,S|M|L|XL,14.76
370,Feminine,Pants and Jeans,,36|38|40|42|44|46,24.24
371,Feminine,Skirts and Shorts,,S|M|L,11.91
372,Feminine,Suits and Sets,,S|M|L|XL,17.23
373,Feminine,Sportswear,,S|M|L|XL,8.34
374,Feminine,Pajamas,,S|M|L|XL,8.19
375,Feminine,Accessories,,,12
376,Masculine,Coats and Blazers,BLUE,M|L|XL|XXL,21.75
377,Masculine,Sweaters and Sweatshirts,LILAC,M|L|XL|XXL,22.09
378,Masculine,T-shirts and Polos,,M|L|XL|XXL,7.75
379,Masculine,Shirts,,M|L|XL|XXL,10.64
380,Masculine,Pants and Jeans,,38|40|42|44|46|48,15.28
381,Masculine,Suits,,M|L|XL|XXL,17.45
382,Masculine,Sportswear,,M|L|XL|XXL,10.5
383,Masculine,Blazers,,M|L|XL|XXL,5.55
384,Masculine,Accessories,,,10.7
385,Children,Baby (0-12 months),RED,P|M|G,11.36
386,Children,"Girl and Boy (1-5 years, 6-14 years)",LILAC,P|M|G|GG,27.64
387,Children,Coats,PINK,P|M|G,6.98
388,Children,Sweaters,,P|M|G,21.3
389,Children,Pajamas-2,,P|M|G,6.48
390,Children,Accessories,,,4.92
391,Feminine,Coats and Blazers,TURQUOISE,S|M|L|XL,7.8
392,Feminine,Sweaters and Knitwear,TURQUOISE,S|M|L|XL,25.1
393,Feminine,Dresses and Jumpsuits,PINK,S|M|L|XL,14.11
394,Feminine,Shirts and Blouses,,S|M|L|XL,10.53
395,Feminine,T-shirts and Tops,,S|M|L|XL,18.51
396,Feminine,Pants and Jeans,,36|38|40|42|44|46,19.84
397,Feminine,Skirts and Shorts,,S|M|L|XL,10.55
398,Feminine,Suits and Sets,,S|M|L|XL,27.89
399,Feminine,Sportswear,,S|M|L|XL,21.32
400,Feminine,Pajamas,,S|M|L|XL,6.47
401,Feminine,Accessories,,,0.71
402,Masculine,Coats and Blazers,,M|L|XL|XXL,26.18
403,Masculine,Sweaters and Sweatshirts,PINK,M|L|XL|XXL,31.97
404,Masculine,T-shirts and Polos,WHITE,M|L|XL,14.04
405,Masculine,Shirts,,M|L|XL,10.73
406,Masculine,Pants and Jeans,,38|40|42|44|46|48,15.46
407,Masculine,Suits,,M|L|XL|XXL,37.92
408,Masculine,Sportswear,,M|L|XL|XXL,14.5
409,Masculine,Blazers,,M|L|XL|XXL,5.81
410,Masculine,Accessories,,,3.16
411,Children,Baby (0-12 months),LILAC,P|M|G,6.82
412,Children,"Girl and Boy (1-5 years, 6-14 years)",WHITE,P|M|G|GG,27.67
413,Children,Coats,YELLOW,P|M|G,30.42
414,Children,Sweaters,,P|M|G,8.93
415,Children,Pajamas-2,,P|M|G,13.77
416,Children,Accessories,,,11.01
417,Feminine,Coats and Blazers,BLACK,S|M|L|XL,29.49
418,Feminine,Sweaters and Knitwear,RED,S|M|L|XL,20.99
419,Feminine,Dresses and Jumpsuits,NEUTRAL,S|M|L|XL,29.76
420,Feminine,Shirts and Blouses,,S|M|L,18.47
421,Feminine,T-shirts and Tops,,S|M|L|XL,3.48
422,Feminine,Pants and Jeans,,36|38|40|42|44|46,12.5
423,Feminine,Skirts and Shorts,,S|M|L|XL,12.04
424,Feminine,Suits and Sets,,S|M|L,10.25
425,Feminine,Sportswear,,S|M|L|XL,10.56
426,Feminine,Pajamas,,S|M|L|XL,22.23
427,Feminine,Accessories,,,6.12
428,Masculine,Coats and Blazers,BLACK,M|L|XL|XXL,36.7
429,Masculine,Sweaters and Sweatshirts,BLUE,M|L|XL|XXL,10.49
430,Masculine,T-shirts and Polos,MUSTARD,M|L|XL|XXL,12.16
431,Masculine,Shirts,,M|L|XL,16.87
432,Masculine,Pants and Jeans,,38|40|42|44|46|48,11.38
433,Masculine,Suits,,M|L|XL,44.94
434,Masculine,Sportswear,,M|L|XL|XXL,9.1
435,Masculine,Blazers,,M|L|XL|XXL,9.02
436,Masculine,Accessories,,,3.4
437,Children,Baby (0-12 months),SILVER,P|M|G,14.38
438,Children,"Girl and Boy (1-5 years, 6-14 years)",BEIGE,P|M|G|GG,33.57
439,Children,Coats,,P|M|G,18.73
440,Children,Sweaters,,P|M|G,25.92
441,Children,Pajamas-2,,P|M|G,11.8
442,Children,Accessories,,,10.33
443,Feminine,Coats and Blazers,BURGUNDY,S|M|L|XL,31.38
444,Feminine,Sweaters and Knitwear,TURQUOISE,S|M|L,16.46
445,Feminine,Dresses and Jumpsuits,YELLOW,S|M|L|XL,10.12
446,Feminine,Shirts and Blouses,,S|M|L|XL,31.47
447,Feminine,T-shirts and Tops,,S|M|L|XL,8.95
448,Feminine,Pants and Jeans,,36|38|40|42|44|46,20.2
449,Feminine,Skirts and Shorts,,S|M|L,4.34
450,Feminine,Suits and Sets,,S|M|L,28.93
451,Feminine,Sportswear,,S|M|L,17.01
452,Feminine,Pajamas,,S|M|L|XL,11.77
453,Feminine,Accessories,,,6.08
454,Masculine,Coats and Blazers,SILVER,M|L|XL|XXL,18.28
455,Masculine,Sweaters and Sweatshirts,,M|L|XL|XXL,9.45
456,Masculine,T-shirts and Polos,YELLOW,M|L|XL|XXL,9.98
457,Masculine,Shirts,,M|L|XL|XXL,7.44
458,Masculine,Pants and Jeans,,38|40|42|44|46|48,14.09
459,Masculine,Suits,,M|L|XL|XXL,13.19
460,Masculine,Sportswear,,M|L|XL|XXL,29.43
461,Masculine,Blazers,,M|L|XL|XXL,9.42
462,Masculine,Accessories,,,11.4
463,Children,Baby (0-12 months),RED,P|M|G,9.75
464,Children,"Girl and Boy (1-5 years, 6-14 years)",BLUE,P|M|G|GG,24.74
465,Children,Coats,PINK,P|M|G,12.26
466,Children,Sweaters,,P|M|G,6.69
467,Children,Pajamas-2,,P|M|G,2.71
468,Children,Accessories,,,5.64
469,Feminine,Coats and Blazers,GREEN,S|M|L|XL,24.89
470,Feminine,Sweaters and Knitwear,BEIGE,S|M|L|XL,17.45
471,Feminine,Dresses and Jumpsuits,BEIGE,S|M|L|XL,35.59
472,Feminine,Shirts and Blouses,,S|M|L|XL,12.77
473,Feminine,T-shirts and Tops,,S|M|L|XL,7.01
474,Feminine,Pants and Jeans,,36|38|40|42|44|46,25.35
475,Feminine,Skirts and Shorts,,S|M|L|XL,7.34
476,Feminine,Suits and Sets,,S|M|L|XL,24.68
477,Feminine,Sportswear,,S|M|L|XL,11.2
478,Feminine,Pajamas,,S|M|L|XL,9.01
479,Feminine,Accessories,,,6.18
480,Masculine,Coats and Blazers,BLACK,M|L|XL|XXL,14.23
481,Masculine,Sweaters and Sweatshirts,PINK,M|L|XL|XXL,24.16
482,Masculine,T-shirts and Polos,GREEN,M|L|XL,16.51
483,Masculine,Shirts,,M|L|XL|XXL,8.71
484,Masculine,Pants and Jeans,,38|40|42|44|46|48,18.03
485,Masculine,Suits,,M|L|XL,12.09
486,Masculine,Sportswear,,M|L|XL|XXL,9.82
487,Masculine,Blazers,,M|L|XL|XXL,8.1
488,Masculine,Accessories,,,8.22
489,Children,Baby (0-12 months),,P|M|G,12.57
490,Children,"Girl and Boy (1-5 years, 6-14 years)",TURQUOISE,P|M|G|GG,27.49
491,Children,Coats,YELLOW,P|M|G,19.03
492,Children,Sweaters,,P|M|G,8.52
493,Children,Pajamas-2,,P|M|G,5.21
494,Children,Accessories,,,4.94
495,Feminine,Coats and Blazers,YELLOW,S|M|L|XL,17.04
496,Feminine,Sweaters and Knitwear,LILAC,S|M|L|XL,12.69
497,Feminine,Dresses and Jumpsuits,BLUE,S|M|L,11.17
498,Feminine,Shirts and Blouses,,S|M|L|XL,17.38
499,Feminine,T-shirts and Tops,,S|M|L|XL,11.01
500,Feminine,Pants and Jeans,,36|38|40|42|44|46,19.81
501,Feminine,Skirts and Shorts,,S|M|L|XL,10.38
502,Feminine,Suits and Sets,,S|M|L|XL,23.99
503,Feminine,Sportswear,,S|M|L|XL,12.99
504,Feminine,Pajamas,,S|M|L|XL,9.29
505,Feminine,Accessories,,,3.35
506,Masculine,Coats and Blazers,,M|L|XL,50.16
507,Masculine,Sweaters and Sweatshirts,GREEN,M|L|XL|XXL,16.93
508,Masculine,T-shirts and Polos,GOLD,M|L|XL|XXL,15.23
509,Masculine,Shirts,,M|L|XL|XXL,17.75
510,Masculine,Pants and Jeans,,38|40|42|44|46|48,38.54
511,Masculine,Suits,,M|L|XL|XXL,43.65
512,Masculine,Sportswear,,M|L|XL|XXL,30.2
513,Masculine,Blazers,,M|L|XL,20.11
514,Masculine,Accessories,,,1.88
515,Children,Baby (0-12 months),TURQUOISE,P|M|G,12.24
516,Children,"Girl and Boy (1-5 years, 6-14 years)",PINK,P|M|G|GG,16.37
517,Children,Coats,BURGUNDY,P|M|G,23.78
518,Children,Sweaters,,P|M|G,20.05
519,Children,Pajamas-2,,P|M|G,10.65
520,Children,Accessories,,,8.3
521,Feminine,Coats and Blazers,BLUE,S|M|L|XL,20.61
522,Feminine,Sweaters and Knitwear,WHITE,S|M|L|XL,10.13
523,Feminine,Dresses and Jumpsuits,BLACK,S|M|L|XL,20.9
524,Feminine,Shirts and Blouses,,S|M|L|XL,21.39
525,Feminine,T-shirts and Tops,,S|M|L|XL,9.64
526,Feminine,Pants and Jeans,,36|38|40|42|44|46,16.75
527,Feminine,Skirts and Shorts,,S|M|L|XL,9
528,Feminine,Suits and Sets,,S|M|L|XL,34.81
529,Feminine,Sportswear,,S|M|L|XL,34.05
530,Feminine,Pajamas,,S|M|L|XL,9.98
531,Feminine,Accessories,,,9.34
532,Masculine,Coats and Blazers,,M|L|XL|XXL,16.4
533,Masculine,Sweaters and Sweatshirts,TURQUOISE,M|L|XL|XXL,7.98
534,Masculine,T-shirts and Polos,LILAC,M|L|XL|XXL,29.99
535,Masculine,Shirts,,M|L|XL|XXL,14.99
536,Masculine,Pants and Jeans,,38|40|42|44|46|48,35.93
537,Masculine,Suits,,M|L|XL|XXL,32.66
538,Masculine,Sportswear,,M|L|XL,8.04
539,Masculine,Blazers,,M|L|XL|XXL,6.66
540,Masculine,Accessories,,,9.46
541,Children,Baby (0-12 months),GREEN,P|M|G,7.76
542,Children,"Girl and Boy (1-5 years, 6-14 years)",,P|M|G|GG,15.84
543,Children,Coats,WHITE,P|M|G,31.06
544,Children,Sweaters,,P|M|G,24.77
545,Children,Pajamas-2,,P|M|G,4.19
546,Children,Accessories,,,1.82
547,Feminine,Coats and Blazers,GREEN,S|M|L|XL,25.6
548,Feminine,Sweaters and Knitwear,RED,S|M|L|XL,10.78
549,Feminine,Dresses and Jumpsuits,RED,S|M|L|XL,20.42
550,Feminine,Shirts and Blouses,,S|M|L|XL,25.8
551,Feminine,T-shirts and Tops,,S|M|L|XL,9.3
552,Feminine,Pants and Jeans,,36|38|40|42|44|46,3.6
553,Feminine,Skirts and Shorts,,S|M|L|XL,16.11
554,Feminine,Suits and Sets,,S|M|L|XL,16.47
555,Feminine,Sportswear,,S|M|L|XL,25.2
556,Feminine,Pajamas,,S|M|L|XL,4.98
557,Feminine,Accessories,,,3.79
558,Masculine,Coats and Blazers,LILAC,M|L|XL|XXL,9.39
559,Masculine,Sweaters and Sweatshirts,NEUTRAL,M|L|XL,14.38
560,Masculine,T-shirts and Polos,BLUE,M|L|XL|XXL,3.75
561,Masculine,Shirts,,M|L|XL|XXL,5
562,Masculine,Pants and Jeans,,38|40|42|44|46|48,12.12
563,Masculine,Suits,,M|L|XL|XXL,15.92
564,Masculine,Sportswear,,M|L|XL|XXL,9.52
565,Masculine,Blazers,,M|L|XL|XXL,18.66
566,Masculine,Accessories,,,4.59
567,Children,Baby (0-12 months),PINK,P|M|G,7.01
568,Children,"Girl and Boy (1-5 years, 6-14 years)",,P|M|G|GG,9.82
569,Children,Coats,BLACK,P|M|G,25.25
570,Children,Sweaters,,P|M|G,6.68
571,Children,Pajamas-2,,P|M|G,7.13
572,Children,Accessories,,,11.53
573,Feminine,Coats and Blazers,BLUE,S|M|L|XL,45.58
574,Feminine,Sweaters and Knitwear,TURQUOISE,S|M|L|XL,13.68
575,Feminine,Dresses and Jumpsuits,NEUTRAL,S|M|L|XL,31.68
576,Feminine,Shirts and Blouses,,S|M|L|XL,22.14
577,Feminine,T-shirts and Tops,,S|M|L|XL,10.64
578,Feminine,Pants and Jeans,,36|38|40|42|44|46,27.58
579,Feminine,Skirts and Shorts,,S|M|L|XL,5.83
580,Feminine,Suits and Sets,,S|M|L|XL,44.01
581,Feminine,Sportswear,,S|M|L|XL,9.05
582,Feminine,Pajamas,,S|M|L|XL,2.7
583,Feminine,Accessories,,,1.97
584,Masculine,Coats and Blazers,BLUE,M|L|XL|XXL,8.75
585,Masculine,Sweaters and Sweatshirts,TURQUOISE,M|L|XL|XXL,19.78
586,Masculine,T-shirts and Polos,PINK,M|L|XL|XXL,22.98
587,Masculine,Shirts,,M|L|XL|XXL,16.15
588,Masculine,Pants and Jeans,,38|40|42|44|46|48,9.59
589,Masculine,Suits,,M|L|XL|XXL,12.02
590,Masculine,Sportswear,,M|L|XL|XXL,16.47
591,Masculine,Blazers,,M|L|XL|XXL,5.7
592,Masculine,Accessories,,,7.99
593,Children,Baby (0-12 months),YELLOW,P|M|G,22.81
594,Children,"Girl and Boy (1-5 years, 6-14 years)",NEUTRAL,P|M|G|GG,14.88
595,Children,Coats,BLUE,P|M|G,9.27
596,Children,Sweaters,,P|M|G,5.49
597,Children,Pajamas-2,,P|M|G,5.41
598,Children,Accessories,,,7.56
599,Feminine,Coats and Blazers,,S|M|L|XL,21.77
600,Feminine,Sweaters and Knitwear,BLUE,S|M|L,13.04
601,Feminine,Dresses and Jumpsuits,BLACK,S|M|L|XL,11.64
602,Feminine,Shirts and Blouses,,S|M|L,9.02
603,Feminine,T-shirts and Tops,,S|M|L,3.91
604,Feminine,Pants and Jeans,,36|38|40|42|44|46,15.6
605,Feminine,Skirts and Shorts,,S|M|L|XL,7.81
606,Feminine,Suits and Sets,,S|M|L|XL,36.97
607,Feminine,Sportswear,,S|M|L|XL,25.99
608,Feminine,Pajamas,,S|M|L,14.2
609,Feminine,Accessories,,,2.3
610,Masculine,Coats and Blazers,,M|L|XL|XXL,12.09
611,Masculine,Sweaters and Sweatshirts,GREEN,M|L|XL|XXL,9.06
612,Masculine,T-shirts and Polos,GREEN,M|L|XL|XXL,11.02
613,Masculine,Shirts,,M|L|XL|XXL,7.47
614,Masculine,Pants and Jeans,,38|40|42|44|46|48,21.41
615,Masculine,Suits,,M|L|XL,31.09
616,Masculine,Sportswear,,M|L|XL,14.74
617,Masculine,Blazers,,M|L|XL|XXL,2.05
618,Masculine,Accessories,,,3.31
619,Children,Baby (0-12 months),,P|M|G,4.25
620,Children,"Girl and Boy (1-5 years, 6-14 years)",,P|M|G,17.98
621,Children,Coats,MUSTARD,P|M|G,28.44
622,Children,Sweaters,,P|M|G,5.19
623,Children,Pajamas-2,,P|M|G,16.68
624,Children,Accessories,,,15.1
625,Feminine,Coats and Blazers,PINK,S|M|L|XL,10.43
626,Feminine,Sweaters and Knitwear,BLUE,S|M|L|XL,7.61
627,Feminine,Dresses and Jumpsuits,TURQUOISE,S|M|L|XL,30.67
628,Feminine,Shirts and Blouses,,S|M|L|XL,6.42
629,Feminine,T-shirts and Tops,,S|M|L|XL,8.56
630,Feminine,Pants and Jeans,,36|38|40|42,12.92
631,Feminine,Skirts and Shorts,,S|M|L|XL,10.03
632,Feminine,Suits and Sets,,S|M|L|XL,9.24
633,Feminine,Sportswear,,S|M|L|XL,28.32
634,Feminine,Pajamas,,S|M|L|XL,9.25
635,Feminine,Accessories,,,2.08
636,Masculine,Coats and Blazers,,M|L|XL|XXL,27.67
637,Masculine,Sweaters and Sweatshirts,GREEN,M|L|XL|XXL,11.67
638,Masculine,T-shirts and Polos,PINK,M|L|XL|XXL,10.28
639,Masculine,Shirts,,M|L|XL|XXL,16.87
640,Masculine,Pants and Jeans,,38|40|42|44|46|48,12.89
641,Masculine,Suits,,M|L|XL|XXL,49.6
642,Masculine,Sportswear,,M|L|XL,10.67
643,Masculine,Blazers,,M|L|XL,9.05
644,Masculine,Accessories,,,3.86
645,Children,Baby (0-12 months),NEUTRAL,P|M|G,14.94
646,Children,"Girl and Boy (1-5 years, 6-14 years)",GREEN,P|M|G,12.12
647,Children,Coats,SILVER,P|M|G,4.96
648,Children,Sweaters,,P|M|G,21.59
649,Children,Pajamas-2,,P|M|G,16.64
650,Children,Accessories,,,5.58
651,Feminine,Coats and Blazers,GREEN,S|M|L|XL,18.02
652,Feminine,Sweaters and Knitwear,YELLOW,S|M|L|XL,10.55
653,Feminine,Dresses and Jumpsuits,,S|M|L|XL,33.56
654,Feminine,Shirts and Blouses,,S|M|L|XL,11.69
655,Feminine,T-shirts and Tops,,S|M|L|XL,3.59
656,Feminine,Pants and Jeans,,36|38|40|42|44|46,42.82
657,Feminine,Skirts and Shorts,,S|M|L|XL,10.4
658,Feminine,Suits and Sets,,S|M|L,11.03
659,Feminine,Sportswear,,S|M|L|XL,24.92
660,Feminine,Pajamas,,S|M|L|XL,4.05
661,Feminine,Accessories,,,1.83
662,Masculine,Coats and Blazers,WHITE,M|L|XL,26.93
663,Masculine,Sweaters and Sweatshirts,SILVER,M|L|XL|XXL,22.72
664,Masculine,T-shirts and Polos,BURGUNDY,M|L|XL|XXL,16.78
665,Masculine,Shirts,,M|L|XL|XXL,6.86
666,Masculine,Pants and Jeans,,38|40|42|44|46|48,7.52
667,Masculine,Suits,,M|L|XL|XXL,47.56
668,Masculine,Sportswear,,M|L|XL|XXL,8.46
669,Masculine,Blazers,,M|L|XL|XXL,3.64
670,Masculine,Accessories,,,5.79
671,Children,Baby (0-12 months),SILVER,P|M|G,17.08
672,Children,"Girl and Boy (1-5 years, 6-14 years)",,P|M|G|GG,18.61
673,Children,Coats,LILAC,P|M|G,19.8
674,Children,Sweaters,,P|M|G,19.41
675,Children,Pajamas-2,,P|M|G,2.96
676,Children,Accessories,,,13.65
677,Feminine,Coats and Blazers,GOLD,S|M|L|XL,14.63
678,Feminine,Sweaters and Knitwear,LILAC,S|M|L|XL,10.24
679,Feminine,Dresses and Jumpsuits,NEUTRAL,S|M|L|XL,21.25
680,Feminine,Shirts and Blouses,,S|M|L|XL,9.35
681,Feminine,T-shirts and Tops,,S|M|L|XL,9.08
682,Feminine,Pants and Jeans,,36|38|40|42|44|46,42.04
683,Feminine,Skirts and Shorts,,S|M|L|XL,2.82
684,Feminine,Suits and Sets,,S|M|L|XL,10.77
685,Feminine,Sportswear,,S|M|L|XL,3.92
686,Feminine,Pajamas,,S|M|L|XL,16
687,Feminine,Accessories,,,3.45
688,Masculine,Coats and Blazers,PINK,M|L|XL|XXL,7.05
689,Masculine,Sweaters and Sweatshirts,RED,M|L|XL|XXL,14.5
690,Masculine,T-shirts and Polos,WHITE,M|L|XL|XXL,2.93
691,Masculine,Shirts,,M|L|XL|XXL,4.71
692,Masculine,Pants and Jeans,,38|40|42|44|46|48,7.94
693,Masculine,Suits,,M|L|XL|XXL,63.47
694,Masculine,Sportswear,,M|L|XL|XXL,15.62
695,Masculine,Blazers,,M|L|XL,20.3
696,Masculine,Accessories,,,12.47
697,Children,Baby (0-12 months),TURQUOISE,P|M|G,15.8
698,Children,"Girl and Boy (1-5 years, 6-14 years)",BEIGE,P|M|G|GG,20.14
699,Children,Coats,,P|M|G,23.85
700,Children,Sweaters,,P|M|G,9.22
701,Children,Pajamas-2,,P|M|G,6
702,Children,Accessories,,,8.51
703,Feminine,Coats and Blazers,SILVER,S|M|L|XL,27.64
704,Feminine,Sweaters and Knitwear,GOLD,S|M|L|XL,22.63
705,Feminine,Dresses and Jumpsuits,WHITE,S|M|L|XL,14.55
706,Feminine,Shirts and Blouses,,S|M|L|XL,4.67
707,Feminine,T-shirts and Tops,,S|M|L|XL,4.24
708,Feminine,Pants and Jeans,,36|38|40|42|44,15.07
709,Feminine,Skirts and Shorts,,S|M|L|XL,5.39
710,Feminine,Suits and Sets,,S|M|L|XL,61.83
711,Feminine,Sportswear,,S|M|L,16.23
712,Feminine,Pajamas,,S|M|L|XL,6.25
713,Feminine,Accessories,,,14.08
714,Masculine,Coats and Blazers,MUSTARD,M|L|XL|XXL,29.14
715,Masculine,Sweaters and Sweatshirts,YELLOW,M|L|XL,9.43
716,Masculine,T-shirts and Polos,WHITE,M|L|XL,8.31
717,Masculine,Shirts,,M|L|XL|XXL,19.65
718,Masculine,Pants and Jeans,,38|40|42|44|46|48,7.91
719,Masculine,Suits,,M|L|XL|XXL,55.48
720,Masculine,Sportswear,,M|L|XL|XXL,25.63
721,Masculine,Blazers,,M|L|XL|XXL,20.69
722,Masculine,Accessories,,,10.31
723,Children,Baby (0-12 months),NEUTRAL,P|M|G,15.83
724,Children,"Girl and Boy (1-5 years, 6-14 years)",BLUE,P|M|G|GG,11.74
725,Children,Coats,RED,P|M|G,29.51
726,Children,Sweaters,,P|M|G,15.17
727,Children,Pajamas-2,,P|M|G,8.76
728,Children,Accessories,,,7.27
729,Feminine,Coats and Blazers,GOLD,S|M|L|XL,41.89
730,Feminine,Sweaters and Knitwear,BEIGE,S|M|L|XL,22.79
731,Feminine,Dresses and Jumpsuits,RED,S|M|L,14.26
732,Feminine,Shirts and Blouses,,S|M|L|XL,11.4
733,Feminine,T-shirts and Tops,,S|M|L|XL,6
734,Feminine,Pants and Jeans,,36|38|40|42|44|46,18.58
735,Feminine,Skirts and Shorts,,S|M|L|XL,7.9
736,Feminine,Suits and Sets,,S|M|L|XL,30.72
737,Feminine,Sportswear,,S|M|L|XL,21.65
738,Feminine,Pajamas,,S|M|L,10.92
739,Feminine,Accessories,,,3.67
740,Masculine,Coats and Blazers,TURQUOISE,M|L|XL|XXL,19.96
741,Masculine,Sweaters and Sweatshirts,BLACK,M|L|XL,7.36
742,Masculine,T-shirts and Polos,RED,M|L|XL,10.31
743,Masculine,Shirts,,M|L|XL|XXL,7.86
744,Masculine,Pants and Jeans,,38|40|42|44|46|48,27.44
745,Masculine,Suits,,M|L|XL|XXL,55.16
746,Masculine,Sportswear,,M|L|XL|XXL,15.61
747,Masculine,Blazers,,M|L|XL,16.17
748,Masculine,Accessories,,,13.32
749,Children,Baby (0-12 months),MUSTARD,P|M|G,6.31
750,Children,"Girl and Boy (1-5 years, 6-14 years)",BEIGE,P|M|G|GG,7.2
751,Children,Coats,YELLOW,P|M|G,15.45
752,Children,Sweaters,,P|M|G,4.45
753,Children,Pajamas-2,,P|M|G,13.37
754,Children,Accessories,,,7.69
755,Feminine,Coats and Blazers,BURGUNDY,S|M|L|XL,12.9
756,Feminine,Sweaters and Knitwear,BLUE,S|M|L|XL,18.34
757,Feminine,Dresses and Jumpsuits,MUSTARD,S|M|L,29.88
758,Feminine,Shirts and Blouses,,S|M|L|XL,9.31
759,Feminine,T-shirts and Tops,,S|M|L|XL,18.11
760,Feminine,Pants and Jeans,,36|38|40|42|44|46,10.75
761,Feminine,Skirts and Shorts,,S|M|L|XL,16.36
762,Feminine,Suits and Sets,,S|M|L|XL,16.42
763,Feminine,Sportswear,,S|M|L|XL,8.55
764,Feminine,Pajamas,,S|M|L|XL,4.18
765,Feminine,Accessories,,,3.71
766,Masculine,Coats and Blazers,,M|L|XL|XXL,42.16
767,Masculine,Sweaters and Sweatshirts,BLUE,M|L|XL|XXL,17.32
768,Masculine,T-shirts and Polos,GOLD,M|L|XL|XXL,6.27
769,Masculine,Shirts,,M|L|XL|XXL,3.9
770,Masculine,Pants and Jeans,,38|40|42|44|46|48,19.04
771,Masculine,Suits,,M|L|XL|XXL,43.95
772,Masculine,Sportswear,,M|L|XL|XXL,9.21
773,Masculine,Blazers,,M|L|XL|XXL,3.55
774,Masculine,Accessories,,,4.16
775,Children,Baby (0-12 months),TURQUOISE,P|M|G,10.6
776,Children,"Girl and Boy (1-5 years, 6-14 years)",LILAC,P|M|G|GG,11.98
777,Children,Coats,WHITE,P|M|G,17.06
778,Children,Sweaters,,P|M|G,13.15
779,Children,Pajamas-2,,P|M|G,20.22
780,Children,Accessories,,,2.07
781,Feminine,Coats and Blazers,LILAC,S|M|L|XL,13.53
782,Feminine,Sweaters and Knitwear,BLUE,S|M|L,12.24
783,Feminine,Dresses and Jumpsuits,TURQUOISE,S|M|L|XL,17.6
784,Feminine,Shirts and Blouses,,S|M|L|XL,3.07
785,Feminine,T-shirts and Tops,,S|M|L|XL,6.73
786,Feminine,Pants and Jeans,,36|38|40|42|44|46,33.03
787,Feminine,Skirts and Shorts,,S|M|L|XL,16.61
788,Feminine,Suits and Sets,,S|M|L,27.41
789,Feminine,Sportswear,,S|M|L|XL,32.55
790,Feminine,Pajamas,,S|M|L|XL,12.53
791,Feminine,Accessories,,,2
792,Masculine,Coats and Blazers,SILVER,M|L|XL,39.55
793,Masculine,Sweaters and Sweatshirts,,M|L|XL|XXL,16.34
794,Masculine,T-shirts and Polos,TURQUOISE,M|L|XL|XXL,3.47
795,Masculine,Shirts,,M|L|XL|XXL,10.88
796,Masculine,Pants and Jeans,,38|40|42|44|46|48,15.25
797,Masculine,Suits,,M|L|XL|XXL,42.05
798,Masculine,Sportswear,,M|L|XL|XXL,25.42
799,Masculine,Blazers,,M|L|XL|XXL,19.78
800,Masculine,Accessories,,,14.8
801,Children,Baby (0-12 months),PINK,P|M|G,5.36
802,Children,"Girl and Boy (1-5 years, 6-14 years)",NEUTRAL,P|M|G|GG,19.93
803,Children,Coats,MUSTARD,P|M|G,18.48
804,Children,Sweaters,,P|M|G,10.01
805,Children,Pajamas-2,,P|M|G,14.33
806,Children,Accessories,,,13.22
807,Feminine,Coats and Blazers,BEIGE,S|M|L|XL,38.29
808,Feminine,Sweaters and Knitwear,MUSTARD,S|M|L|XL,25.82
809,Feminine,Dresses and Jumpsuits,RED,S|M|L|XL,18.42
810,Feminine,Shirts and Blouses,,S|M|L|XL,12.39
811,Feminine,T-shirts and Tops,,S|M|L|XL,13.6
812,Feminine,Pants and Jeans,,36|38|40|42|44|46,6.87
813,Feminine,Skirts and Shorts,,S|M|L|XL,2.22
814,Feminine,Suits and Sets,,S|M|L,17.1
815,Feminine,Sportswear,,S|M|L|XL,13.44
816,Feminine,Pajamas,,S|M|L|XL,13.65
817,Feminine,Accessories,,,7.69
818,Masculine,Coats and Blazers,GOLD,M|L|XL|XXL,14.81
819,Masculine,Sweaters and Sweatshirts,RED,M|L|XL|XXL,25.24
820,Masculine,T-shirts and Polos,BLACK,M|L|XL,17.6
821,Masculine,Shirts,,M|L|XL|XXL,14.2
822,Masculine,Pants and Jeans,,38|40|42|44|46|48,12.62
823,Masculine,Suits,BLACK,M|L|XL|XXL,40.57
824,Masculine,Sportswear,,M|L|XL|XXL,26.85
825,Masculine,Blazers,,M|L|XL|XXL,13.25
826,Masculine,Accessories,,,9.04
827,Children,Baby (0-12 months),RED,P|M|G,14.09
828,Children,"Girl and Boy (1-5 years, 6-14 years)",PINK,P|M|G,4.61
829,Children,Coats,LILAC,P|M|G,36.01
830,Children,Sweaters,,P|M|G,8.82
831,Children,Pajamas-2,,P|M|G,19.11
832,Children,Accessories,,,0.69
833,Feminine,Coats and Blazers,,S|M|L|XL,41.98
834,Feminine,Sweaters and Knitwear,WHITE,S|M|L|XL,10.86
835,Feminine,Dresses and Jumpsuits,BLACK,S|M|L|XL,25.2
836,Feminine,Shirts and Blouses,,S|M|L|XL,20.43
837,Feminine,T-shirts and Tops,,S|M|L|XL,15.53
838,Feminine,Pants and Jeans,,36|38|40|42|44|46,24.17
839,Feminine,Skirts and Shorts,,S|M|L|XL,8.58
840,Feminine,Suits and Sets,,S|M|L,62.89
841,Feminine,Sportswear,,S|M|L|XL,25.27
842,Feminine,Pajamas,,S|M|L|XL,15.53
843,Feminine,Accessories,,,7.07
844,Masculine,Coats and Blazers,LILAC,M|L|XL|XXL,13.12
845,Masculine,Sweaters and Sweatshirts,TURQUOISE,M|L|XL|XXL,10.26
846,Masculine,T-shirts and Polos,GREEN,M|L|XL|XXL,8.9
847,Masculine,Shirts,,M|L|XL|XXL,13.66
848,Masculine,Pants and Jeans,,38|40|42|44|46|48,16.99
849,Masculine,Suits,,M|L|XL|XXL,27.87
850,Masculine,Sportswear,,M|L|XL|XXL,9.15
851,Masculine,Blazers,,M|L|XL,10.95
852,Masculine,Accessories,,,10.58
853,Children,Baby (0-12 months),YELLOW,P|M|G,4.15
854,Children,"Girl and Boy (1-5 years, 6-14 years)",GREEN,P|M|G,13.83
855,Children,Coats,TURQUOISE,P|M|G,22.71
856,Children,Sweaters,,P|M|G,17.05
857,Children,Pajamas-2,,P|M|G,10.01
858,Children,Accessories,,,2.44
859,Feminine,Coats and Blazers,SILVER,S|M|L|XL,13.75
860,Feminine,Sweaters and Knitwear,RED,S|M|L|XL,21.4
861,Feminine,Dresses and Jumpsuits,GOLD,S|M|L,8.44
862,Feminine,Shirts and Blouses,,S|M|L|XL,9.78
863,Feminine,T-shirts and Tops,,S|M|L|XL,5.33
864,Feminine,Pants and Jeans,,36|38|40|42|44|46,31.14
865,Feminine,Skirts and Shorts,,S|M|L|XL,12.36
866,Feminine,Suits and Sets,,S|M|L|XL,20.67
867,Feminine,Sportswear,,S|M|L|XL,19.59
868,Feminine,Pajamas,,S|M|L|XL,12.9
869,Feminine,Accessories,,,3.75
870,Masculine,Coats and Blazers,GREEN,M|L|XL|XXL,30.04
871,Masculine,Sweaters and Sweatshirts,WHITE,M|L|XL|XXL,15.5
872,Masculine,T-shirts and Polos,MUSTARD,M|L|XL|XXL,19.25
873,Masculine,Shirts,,M|L|XL|XXL,16.08
874,Masculine,Pants and Jeans,,38|40|42|44|46,13.3
875,Masculine,Suits,,M|L|XL|XXL,55.58
876,Masculine,Sportswear,,M|L|XL,15.4
877,Masculine,Blazers,,M|L|XL|XXL,5.05
878,Masculine,Accessories,,,2.4
879,Children,Baby (0-12 months),NEUTRAL,P|M|G,8.88
880,Children,"Girl and Boy (1-5 years, 6-14 years)",GOLD,P|M|G|GG,32.1
881,Children,Coats,BLUE,P|M|G,18.05
882,Children,Sweaters,,P|M|G,12.02
883,Children,Pajamas-2,,P|M|G,8.43
884,Children,Accessories,,,11.38
885,Feminine,Coats and Blazers,SILVER,S|M|L|XL,17.18
886,Feminine,Sweaters and Knitwear,TURQUOISE,S|M|L|XL,9.74
887,Feminine,Dresses and Jumpsuits,MUSTARD,S|M|L,5.37
888,Feminine,Shirts and Blouses,,S|M|L|XL,10.49
889,Feminine,T-shirts and Tops,,S|M|L|XL,10.26
890,Feminine,Pants and Jeans,,36|38|40|42|44|46,25.05
891,Feminine,Skirts and Shorts,,S|M|L,15.32
892,Feminine,Suits and Sets,,S|M|L|XL,33.91
893,Feminine,Sportswear,,S|M|L|XL,17.85
894,Feminine,Pajamas,,S|M|L|XL,10.21
895,Feminine,Accessories,,,4.1
896,Masculine,Coats and Blazers,BLACK,M|L|XL|XXL,21.67
897,Masculine,Sweaters and Sweatshirts,PINK,M|L|XL|XXL,17.86
898,Masculine,T-shirts and Polos,RED,M|L|XL|XXL,5.36
899,Masculine,Shirts,,M|L|XL|XXL,13.31
900,Masculine,Pants and Jeans,,38|40|42|44|46|48,16.49
901,Masculine,Suits,,M|L|XL|XXL,34.96
902,Masculine,Sportswear,,M|L|XL|XXL,15.36
903,Masculine,Blazers,,M|L|XL|XXL,9.9
904,Masculine,Accessories,,,4.06
905,Children,Baby (0-12 months),BEIGE,P|M|G,21.9
906,Children,"Girl and Boy (1-5 years, 6-14 years)",LILAC,P|M|G|GG,23.99
907,Children,Coats,,P|M|G,19.89
908,Children,Sweaters,,P|M|G,29.2
909,Children,Pajamas-2,,P|M|G,13.96
910,Children,Accessories,,,5.35
911,Feminine,Coats and Blazers,BURGUNDY,S|M|L|XL,9.52
912,Feminine,Sweaters and Knitwear,RED,S|M|L|XL,4.73
913,Feminine,Dresses and Jumpsuits,MUSTARD,S|M|L|XL,8.86
914,Feminine,Shirts and Blouses,,S|M|L|XL,6.6
915,Feminine,T-shirts and Tops,,S|M|L|XL,10.43
916,Feminine,Pants and Jeans,,36|38|40|42|44|46,41.41
917,Feminine,Skirts and Shorts,,S|M|L|XL,9.75
918,Feminine,Suits and Sets,,S|M|L|XL,12.29
919,Feminine,Sportswear,,S|M|L|XL,20.49
920,Feminine,Pajamas,,S|M|L|XL,5.65
921,Feminine,Accessories,,,6.63
922,Masculine,Coats and Blazers,,M|L|XL|XXL,10.01
923,Masculine,Sweaters and Sweatshirts,RED,M|L|XL,17.46
924,Masculine,T-shirts and Polos,PINK,M|L|XL|XXL,8.37
925,Masculine,Shirts,,M|L|XL|XXL,14.27
926,Masculine,Pants and Jeans,,38|40|42|44|46|48,24.29
927,Masculine,Suits,,M|L|XL|XXL,20.33
928,Masculine,Sportswear,,M|L|XL|XXL,6.9
929,Masculine,Blazers,,M|L|XL|XXL,7
930,Masculine,Accessories,,,3.09
931,Children,Baby (0-12 months),BLACK,P|M|G,5.06
932,Children,"Girl and Boy (1-5 years, 6-14 years)",TURQUOISE,P|M|G|GG,5.16
933,Children,Coats,NEUTRAL,P|M|G,14.32
934,Children,Sweaters,,P|M|G,8.18
935,Children,Pajamas-2,,P|M|G,10.76
936,Children,Accessories,,,3.89
937,Feminine,Coats and Blazers,WHITE,S|M|L|XL,28.74
938,Feminine,Sweaters and Knitwear,WHITE,S|M|L|XL,5.68
939,Feminine,Dresses and Jumpsuits,,S|M|L|XL,19.9
940,Feminine,Shirts and Blouses,,S|M|L|XL,14.22
941,Feminine,T-shirts and Tops,,S|M|L|XL,15.09
942,Feminine,Pants and Jeans,,36|38|40|42|44|46,35.84
943,Feminine,Skirts and Shorts,,S|M|L|XL,8.3
944,Feminine,Suits and Sets,,S|M|L|XL,40.94
945,Feminine,Sportswear,,S|M|L|XL,19.58
946,Feminine,Pajamas,,S|M|L|XL,8.04
947,Feminine,Accessories,,,10.44
948,Masculine,Coats and Blazers,BLUE,M|L|XL|XXL,32.11
949,Masculine,Sweaters and Sweatshirts,PINK,M|L|XL|XXL,33.75
950,Masculine,T-shirts and Polos,,M|L|XL,10.97
951,Masculine,Shirts,,M|L|XL|XXL,10.3
952,Masculine,Pants and Jeans,,38|40|42|44|46|48,34.71
953,Masculine,Suits,,M|L|XL|XXL,20.15
954,Masculine,Sportswear,,M|L|XL|XXL,17.41
955,Masculine,Blazers,,M|L|XL|XXL,6.76
956,Masculine,Accessories,,,1.05
957,Children,Baby (0-12 months),TURQUOISE,P|M|G,4.32
958,Children,"Girl and Boy (1-5 years, 6-14 years)",SILVER,P|M|G|GG,17.53
959,Children,Coats,,P|M|G,36.04
960,Children,Sweaters,,P|M|G,13.63
961,Children,Pajamas-2,,P|M|G,2.73
962,Children,Accessories,,,6.81
963,Feminine,Coats and Blazers,BURGUNDY,S|M|L|XL,10.12
964,Feminine,Sweaters and Knitwear,BEIGE,S|M|L,6.61
965,Feminine,Dresses and Jumpsuits,BEIGE,S|M|L|XL,43.08
966,Feminine,Shirts and Blouses,,S|M|L|XL,3.55
967,Feminine,T-shirts and Tops,,S|M|L|XL,11.24
968,Feminine,Pants and Jeans,,36|38|40|42|44|46,25.64
969,Feminine,Skirts and Shorts,,S|M|L,7.42
970,Feminine,Suits and Sets,,S|M|L|XL,47.29
971,Feminine,Sportswear,,S|M|L|XL,19.26
972,Feminine,Pajamas,,S|M|L|XL,12.48
973,Feminine,Accessories,,,3.33
974,Masculine,Coats and Blazers,GOLD,M|L|XL|XXL,22.57
975,Masculine,Sweaters and Sweatshirts,SILVER,M|L|XL|XXL,10.07
976,Masculine,T-shirts and Polos,,M|L|XL|XXL,25.2
977,Masculine,Shirts,,M|L|XL|XXL,13.35
978,Masculine,Pants and Jeans,,38|40|42|44|46|48,31.93
979,Masculine,Suits,,M|L|XL|XXL,17.57
980,Masculine,Sportswear,,M|L|XL|XXL,17.46
981,Masculine,Blazers,,M|L|XL|XXL,4.7
982,Masculine,Accessories,,,4.05
983,Children,Baby (0-12 months),SILVER,P|M|G,5.65
984,Children,"Girl and Boy (1-5 years, 6-14 years)",BLUE,P|M|G|GG,16.37
985,Children,Coats,BEIGE,P|M|G,38.56
986,Children,Sweaters,,P|M|G,7.19
987,Children,Pajamas-2,,P|M|G,4.96
988,Children,Accessories,,,4.05
989,Feminine,Coats and Blazers,BLACK,S|M|L|XL,19.26
990,Feminine,Sweaters and Knitwear,,S|M|L,6.35
991,Feminine,Dresses and Jumpsuits,RED,S|M|L|XL,8.58
992,Feminine,Shirts and Blouses,,S|M|L|XL,8.11
993,Feminine,T-shirts and Tops,,S|M|L|XL,17.61
994,Feminine,Pants and Jeans,,36|38|40|42|44|46,11.99
995,Feminine,Skirts and Shorts,,S|M|L|XL,10.8
996,Feminine,Suits and Sets,,S|M|L|XL,50.31
997,Feminine,Sportswear,,S|M|L|XL,17.69
998,Feminine,Pajamas,,S|M|L|XL,3.95
999,Feminine,Accessories,,,3.16
1000,Masculine,Coats and Blazers,PINK,M|L|XL|XXL,26.76
1001,Masculine,Sweaters and Sweatshirts,SILVER,M|L|XL|XXL,20.74
1002,Masculine,T-shirts and Polos,,M|L|XL|XXL,8.29
1003,Masculine,Shirts,,M|L|XL|XXL,8.51
1004,Masculine,Pants and Jeans,,38|40|42|44|46|48,13.36
1005,Masculine,Suits,,M|L|XL|XXL,22.24
1006,Masculine,Sportswear,,M|L|XL|XXL,4.09
1007,Masculine,Blazers,,M|L|XL|XXL,18.7
1008,Masculine,Accessories,,,11.66
1009,Children,Baby (0-12 months),,P|M|G,9.5
1010,Children,"Girl and Boy (1-5 years, 6-14 years)",BLACK,P|M|G|GG,26.08
1011,Children,Coats,SILVER,P|M|G,18.62
1012,Children,Sweaters,,P|M|G,10.22
1013,Children,Pajamas-2,,P|M|G,5.62
1014,Children,Accessories,,,9.98
1015,Feminine,Coats and Blazers,LILAC,S|M|L,4.66
1016,Feminine,Sweaters and Knitwear,GREEN,S|M|L|XL,9.68
1017,Feminine,Dresses and Jumpsuits,PINK,S|M|L|XL,23.96
1018,Feminine,Shirts and Blouses,,S|M|L|XL,8.17
1019,Feminine,T-shirts and Tops,,S|M|L|XL,9.47
1020,Feminine,Pants and Jeans,,36|38|40|42|44|46,15.77
1021,Feminine,Skirts and Shorts,,S|M|L|XL,11.8
1022,Feminine,Suits and Sets,,S|M|L|XL,58.86
1023,Feminine,Sportswear,,S|M|L|XL,15.4
1024,Feminine,Pajamas,,S|M|L|XL,7.47
1025,Feminine,Accessories,,,6.95
1026,Masculine,Coats and Blazers,WHITE,M|L|XL|XXL,26.55
1027,Masculine,Sweaters and Sweatshirts,NEUTRAL,M|L|XL|XXL,29.48
1028,Masculine,T-shirts and Polos,LILAC,M|L|XL|XXL,19.54
1029,Masculine,Shirts,,M|L|XL|XXL,20.56
1030,Masculine,Pants and Jeans,,38|40|42|44|46|48,8.25
1031,Masculine,Suits,,M|L|XL|XXL,44.97
1032,Masculine,Sportswear,,M|L|XL|XXL,17.07
1033,Masculine,Blazers,,M|L|XL|XXL,7.87
1034,Masculine,Accessories,,,6.4
1035,Children,Baby (0-12 months),NEUTRAL,P|M|G,12.03
1036,Children,"Girl and Boy (1-5 years, 6-14 years)",BLACK,P|M|G|GG,17.18
1037,Children,Coats,LILAC,P|M|G,21.09
1038,Children,Sweaters,,P|M|G,4.03
1039,Children,Pajamas-2,,P|M|G,16.94
1040,Children,Accessories,,,4.51
1041,Feminine,Coats and Blazers,BEIGE,S|M|L|XL,15.79
1042,Feminine,Sweaters and Knitwear,NEUTRAL,S|M|L,3.5
1043,Feminine,Dresses and Jumpsuits,NEUTRAL,S|M|L|XL,12.84
1044,Feminine,Shirts and Blouses,,S|M|L|XL,23.98
1045,Feminine,T-shirts and Tops,,S|M|L|XL,16.06
1046,Feminine,Pants and Jeans,,36|38|40|42,46.49
1047,Feminine,Skirts and Shorts,,S|M|L|XL,3.87
1048,Feminine,Suits and Sets,,S|M|L|XL,45.09
1049,Feminine,Sportswear,,S|M|L|XL,19.7
1050,Feminine,Pajamas,,S|M|L,18.54
1051,Feminine,Accessories,,,3.76
1052,Masculine,Coats and Blazers,GREEN,M|L|XL|XXL,22.48
1053,Masculine,Sweaters and Sweatshirts,MUSTARD,M|L|XL|XXL,23.37
1054,Masculine,T-shirts and Polos,BEIGE,M|L|XL|XXL,24.32
1055,Masculine,Shirts,,M|L|XL|XXL,4.08
1056,Masculine,Pants and Jeans,,38|40|42|44|46,7.64
1057,Masculine,Suits,,M|L|XL|XXL,12.61
1058,Masculine,Sportswear,,M|L|XL|XXL,24.57
1059,Masculine,Blazers,,M|L|XL|XXL,12.11
1060,Masculine,Accessories,,,5.01
1061,Children,Baby (0-12 months),MUSTARD,P|M|G,4.82
1062,Children,"Girl and Boy (1-5 years, 6-14 years)",MUSTARD,P|M|G,7.22
1063,Children,Coats,,P|M|G,5.73
1064,Children,Sweaters,,P|M|G,19.78
1065,Children,Pajamas-2,,P|M|G,13.34
1066,Children,Accessories,,,7.51
1067,Feminine,Coats and Blazers,GREEN,S|M|L,35.86
1068,Feminine,Sweaters and Knitwear,BLUE,S|M|L|XL,12.19
1069,Feminine,Dresses and Jumpsuits,YELLOW,S|M|L|XL,22.48
1070,Feminine,Shirts and Blouses,,S|M|L|XL,15.62
1071,Feminine,T-shirts and Tops,,S|M|L|XL,5.82
1072,Feminine,Pants and Jeans,,36|38|40|42|44|46,37.22
1073,Feminine,Skirts and Shorts,,S|M|L|XL,8.62
1074,Feminine,Suits and Sets,,S|M|L|XL,73.98
1075,Feminine,Sportswear,,S|M|L,7.4
1076,Feminine,Pajamas,,S|M|L|XL,7.13
1077,Feminine,Accessories,,,3.66
1078,Masculine,Coats and Blazers,,M|L|XL|XXL,40.69
1079,Masculine,Sweaters and Sweatshirts,BLACK,M|L|XL|XXL,16.64
1080,Masculine,T-shirts and Polos,TURQUOISE,M|L|XL|XXL,15.57
1081,Masculine,Shirts,,M|L|XL|XXL,17.34
1082,Masculine,Pants and Jeans,,38|40|42|44|46|48,27.08
1083,Masculine,Suits,,M|L|XL|XXL,33.55
1084,Masculine,Sportswear,,M|L|XL|XXL,9.35
1085,Masculine,Blazers,,M|L|XL|XXL,9.63
1086,Masculine,Accessories,,,12.6
1087,Children,Baby (0-12 months),TURQUOISE,P|M|G,17.18
1088,Children,"Girl and Boy (1-5 years, 6-14 years)",BEIGE,P|M|G|GG,14.73
1089,Children,Coats,BEIGE,P|M|G,23.51
1090,Children,Sweaters,,P|M|G,18.4
1091,Children,Pajamas-2,,P|M|G,6.28
1092,Children,Accessories,,,5.22
1093,Feminine,Coats and Blazers,YELLOW,S|M|L,7.65
1094,Feminine,Sweaters and Knitwear,WHITE,S|M|L,4.86
1095,Feminine,Dresses and Jumpsuits,LILAC,S|M|L|XL,27.06
1096,Feminine,Shirts and Blouses,,S|M|L|XL,13.17
1097,Feminine,T-shirts and Tops,,S|M|L|XL,8.36
1098,Feminine,Pants and Jeans,,36|38|40|42|44|46,28.59
1099,Feminine,Skirts and Shorts,,S|M|L,10.87
1100,Feminine,Suits and Sets,,S|M|L|XL,34.38
1101,Feminine,Sportswear,,S|M|L|XL,7.91
1102,Feminine,Pajamas,,S|M|L,7.82
1103,Feminine,Accessories,,,2.33
1104,Masculine,Coats and Blazers,PINK,M|L|XL|XXL,27.82
1105,Masculine,Sweaters and Sweatshirts,,M|L|XL|XXL,28.11
1106,Masculine,T-shirts and Polos,WHITE,M|L|XL|XXL,9.76
1107,Masculine,Shirts,,M|L|XL|XXL,17.11
1108,Masculine,Pants and Jeans,,38|40|42|44|46|48,28.67
1109,Masculine,Suits,,M|L|XL|XXL,42.14
1110,Masculine,Sportswear,,M|L|XL|XXL,23.61
1111,Masculine,Blazers,,M|L|XL|XXL,13.41
1112,Masculine,Accessories,,,3.73
1113,Children,Baby (0-12 months),BEIGE,P|M|G,6.26
1114,Children,"Girl and Boy (1-5 years, 6-14 years)",PINK,P|M|G|GG,10.03
1115,Children,Coats,PINK,P|M|G,5.94
1116,Children,Sweaters,,P|M|G,15.91
1117,Children,Pajamas-2,,P|M|G,5.41
1118,Children,Accessories,,,2.41
1119,Feminine,Coats and Blazers,RED,S|M|L|XL,22.04
1120,Feminine,Sweaters and Knitwear,LILAC,S|M|L|XL,18.56
1121,Feminine,Dresses and Jumpsuits,NEUTRAL,S|M|L|XL,12.44
1122,Feminine,Shirts and Blouses,,S|M|L|XL,10.17
1123,Feminine,T-shirts and Tops,,S|M|L|XL,19.15
1124,Feminine,Pants and Jeans,,36|38|40|42|44|46,6.27
1125,Feminine,Skirts and Shorts,,S|M|L|XL,9.1
1126,Feminine,Suits and Sets,,S|M|L|XL,48.96
1127,Feminine,Sportswear,,S|M|L|XL,17.3
1128,Feminine,Pajamas,,S|M|L|XL,12.57
1129,Feminine,Accessories,,,9.62
1130,Masculine,Coats and Blazers,NEUTRAL,M|L|XL|XXL,8.5
1131,Masculine,Sweaters and Sweatshirts,BLACK,M|L|XL|XXL,11.42
1132,Masculine,T-shirts and Polos,,M|L|XL|XXL,8.01
1133,Masculine,Shirts,,M|L|XL|XXL,9.23
1134,Masculine,Pants and Jeans,,38|40|42|44|46|48,9.58
1135,Masculine,Suits,,M|L|XL,21.8
1136,Masculine,Sportswear,,M|L|XL|XXL,13.68
1137,Masculine,Blazers,,M|L|XL|XXL,14.36
1138,Masculine,Accessories,,,1.92
1139,Children,Baby (0-12 months),TURQUOISE,P|M|G,8.09
1140,Children,"Girl and Boy (1-5 years, 6-14 years)",,P|M|G|GG,10.24
1141,Children,Coats,SILVER,P|M|G,15.21
1142,Children,Sweaters,,P|M|G,20.39
1143,Children,Pajamas-2,,P|M|G,13.35
1144,Children,Accessories,,,4.42
1145,Feminine,Coats and Blazers,,S|M|L|XL,14.42
1146,Feminine,Sweaters and Knitwear,MUSTARD,S|M|L,17.22
1147,Feminine,Dresses and Jumpsuits,,S|M|L|XL,21.13
1148,Feminine,Shirts and Blouses,,S|M|L|XL,29.71
1149,Feminine,T-shirts and Tops,,S|M|L,13.12
1150,Feminine,Pants and Jeans,,36|38|40|42|44|46,50.42
1151,Feminine,Skirts and Shorts,,S|M|L|XL,4.61
1152,Feminine,Suits and Sets,,S|M|L|XL,11.58
1153,Feminine,Sportswear,,S|M|L|XL,16.61
1154,Feminine,Pajamas,,S|M|L|XL,11.41
1155,Feminine,Accessories,,,3.24
1156,Masculine,Coats and Blazers,TURQUOISE,M|L|XL|XXL,36.08
1157,Masculine,Sweaters and Sweatshirts,SILVER,M|L|XL|XXL,4.46
1158,Masculine,T-shirts and Polos,BLACK,M|L|XL|XXL,6.47
1159,Masculine,Shirts,,M|L|XL|XXL,8.37
1160,Masculine,Pants and Jeans,,38|40|42|44|46|48,12.09
1161,Masculine,Suits,,M|L|XL|XXL,27.89
1162,Masculine,Sportswear,,M|L|XL|XXL,9.78
1163,Masculine,Blazers,,M|L|XL|XXL,12.19
1164,Masculine,Accessories,,,2.95
1165,Children,Baby (0-12 months),BLACK,P|M|G,6.5
1166,Children,"Girl and Boy (1-5 years, 6-14 years)",,P|M|G|GG,27.81
1167,Children,Coats,PINK,P|M|G,24.44
1168,Children,Sweaters,,P|M|G,21.21
1169,Children,Pajamas-2,,P|M|G,7.6
1170,Children,Accessories,,,7.35
1171,Feminine,Coats and Blazers,RED,S|M|L|XL,6.15
1172,Feminine,Sweaters and Knitwear,,S|M|L|XL,22.41
1173,Feminine,Dresses and Jumpsuits,BLUE,S|M|L|XL,27.61
1174,Feminine,Shirts and Blouses,,S|M|L|XL,24.91
1175,Feminine,T-shirts and Tops,,S|M|L|XL,17.08
1176,Feminine,Pants and Jeans,,36|38|40|42|44|46,18.63
1177,Feminine,Skirts and Shorts,,S|M|L|XL,18.3
1178,Feminine,Suits and Sets,,S|M|L|XL,58.84
1179,Feminine,Sportswear,,S|M|L|XL,12.2
1180,Feminine,Pajamas,,S|M|L|XL,8.64
1181,Feminine,Accessories,,,3.51
1182,Masculine,Coats and Blazers,LILAC,M|L|XL|XXL,28.19
1183,Masculine,Sweaters and Sweatshirts,BLUE,M|L|XL|XXL,5.79
1184,Masculine,T-shirts and Polos,YELLOW,M|L|XL,8.55
1185,Masculine,Shirts,,M|L|XL|XXL,10.72
1186,Masculine,Pants and Jeans,,38|40|42|44|46|48,22.7
1187,Masculine,Suits,,M|L|XL|XXL,43.33
1188,Masculine,Sportswear,,M|L|XL|XXL,18.67
1189,Masculine,Blazers,,M|L|XL|XXL,7.48
1190,Masculine,Accessories,,,2.22
1191,Children,Baby (0-12 months),BLUE,P|M|G,8.32
1192,Children,"Girl and Boy (1-5 years, 6-14 years)",PINK,P|M|G|GG,20.57
1193,Children,Coats,WHITE,P|M|G,10.65
1194,Children,Sweaters,,P|M|G,25.38
1195,Children,Pajamas-2,,P|M|G,7.39
1196,Children,Accessories,,,2.59
1197,Feminine,Coats and Blazers,NEUTRAL,S|M|L|XL,16.44
1198,Feminine,Sweaters and Knitwear,NEUTRAL,S|M|L|XL,7.91
1199,Feminine,Dresses and Jumpsuits,BURGUNDY,S|M|L|XL,15.94
1200,Feminine,Shirts and Blouses,,S|M|L|XL,12.31
1201,Feminine,T-shirts and Tops,,S|M|L|XL,15.43
1202,Feminine,Pants and Jeans,,36|38|40|42|44|46,47.28
1203,Feminine,Skirts and Shorts,,S|M|L|XL,2.23
1204,Feminine,Suits and Sets,,S|M|L|XL,23.52
1205,Feminine,Sportswear,,S|M|L|XL,21.76
1206,Feminine,Pajamas,,S|M|L|XL,3.82
1207,Feminine,Accessories,,,1.29
1208,Masculine,Coats and Blazers,SILVER,M|L|XL|XXL,18.53
1209,Masculine,Sweaters and Sweatshirts,YELLOW,M|L|XL|XXL,6.3
1210,Masculine,T-shirts and Polos,MUSTARD,M|L|XL|XXL,10.15
1211,Masculine,Shirts,,M|L|XL,4.87
1212,Masculine,Pants and Jeans,,38|40|42|44|46|48,29.19
1213,Masculine,Suits,,M|L|XL|XXL,61.96
1214,Masculine,Sportswear,,M|L|XL|XXL,7.73
1215,Masculine,Blazers,,M|L|XL|XXL,13.4
1216,Masculine,Accessories,,,7.95
1217,Children,Baby (0-12 months),MUSTARD,P|M|G,16.39
1218,Children,"Girl and Boy (1-5 years, 6-14 years)",SILVER,P|M|G|GG,9.44
1219,Children,Coats,BLUE,P|M|G,14.63
1220,Children,Sweaters,,P|M|G,12.88
1221,Children,Pajamas-2,,P|M|G,19.66
1222,Children,Accessories,,,10.76
1223,Feminine,Coats and Blazers,BLACK,S|M|L|XL,6.57
1224,Feminine,Sweaters and Knitwear,TURQUOISE,S|M|L|XL,24.23
1225,Feminine,Dresses and Jumpsuits,GREEN,S|M|L|XL,19.78
1226,Feminine,Shirts and Blouses,,S|M|L|XL,16.43
1227,Feminine,T-shirts and Tops,,S|M|L,4.54
1228,Feminine,Pants and Jeans,,36|38|40|42|44|46,20.09
1229,Feminine,Skirts and Shorts,,S|M|L|XL,13
1230,Feminine,Suits and Sets,,S|M|L|XL,20.24
1231,Feminine,Sportswear,,S|M|L|XL,19.75
1232,Feminine,Pajamas,,S|M|L|XL,4.66
1233,Feminine,Accessories,,,3.9
1234,Masculine,Coats and Blazers,YELLOW,M|L|XL|XXL,37.17
1235,Masculine,Sweaters and Sweatshirts,GREEN,M|L|XL|XXL,27.98
1236,Masculine,T-shirts and Polos,SILVER,M|L|XL,25.98
1237,Masculine,Shirts,,M|L|XL|XXL,19.07
1238,Masculine,Pants and Jeans,,38|40|42|44|46|48,17.6
1239,Masculine,Suits,,M|L|XL|XXL,61.37
1240,Masculine,Sportswear,,M|L|XL|XXL,4.85
1241,Masculine,Blazers,,M|L|XL|XXL,4.99
1242,Masculine,Accessories,,,4.43
1243,Children,Baby (0-12 months),BLUE,P|M|G,12.71
1244,Children,"Girl and Boy (1-5 years, 6-14 years)",WHITE,P|M|G|GG,13.74
1245,Children,Coats,LILAC,P|M|G,27.79
1246,Children,Sweaters,,P|M|G,18.83
1247,Children,Pajamas-2,,P|M|G,19.7
1248,Children,Accessories,,,2.96
1249,Feminine,Coats and Blazers,SILVER,S|M|L|XL,45.93
1250,Feminine,Sweaters and Knitwear,NEUTRAL,S|M|L|XL,24.39
1251,Feminine,Dresses and Jumpsuits,BLACK,S|M|L|XL,19.87
1252,Feminine,Shirts and Blouses,,S|M|L,5.14
1253,Feminine,T-shirts and Tops,,S|M|L|XL,13.86
1254,Feminine,Pants and Jeans,,36|38|40|42|44|46,16.38
1255,Feminine,Skirts and Shorts,,S|M|L|XL,12.81
1256,Feminine,Suits and Sets,,S|M|L|XL,63.69
1257,Feminine,Sportswear,,S|M|L|XL,13.47
1258,Feminine,Pajamas,,S|M|L|XL,4.98
1259,Feminine,Accessories,,,6.07
1260,Masculine,Coats and Blazers,WHITE,M|L|XL|XXL,33.34
1261,Masculine,Sweaters and Sweatshirts,BLUE,M|L|XL|XXL,16.3
1262,Masculine,T-shirts and Polos,,M|L|XL|XXL,20.98
1263,Masculine,Shirts,,M|L|XL|XXL,17.38
1264,Masculine,Pants and Jeans,,38|40|42|44|46|48,19.11
1265,Masculine,Suits,,M|L|XL|XXL,59.5
1266,Masculine,Sportswear,,M|L|XL|XXL,15.16
1267,Masculine,Blazers,,M|L|XL|XXL,3.87
1268,Masculine,Accessories,,,11.06
1269,Children,Baby (0-12 months),NEUTRAL,P|M|G,10.01
1270,Children,"Girl and Boy (1-5 years, 6-14 years)",NEUTRAL,P|M|G|GG,11.99
1271,Children,Coats,BLUE,P|M|G,36.89
1272,Children,Sweaters,,P|M|G,5.59
1273,Children,Pajamas-2,,P|M|G,12.86
1274,Children,Accessories,,,7.08
1275,Feminine,Coats and Blazers,BLACK,S|M|L|XL,19.89
1276,Feminine,Sweaters and Knitwear,RED,S|M|L|XL,4.3
1277,Feminine,Dresses and Jumpsuits,BLUE,S|M|L|XL,14.66
1278,Feminine,Shirts and Blouses,,S|M|L|XL,6.25
1279,Feminine,T-shirts and Tops,,S|M|L|XL,9.34
1280,Feminine,Pants and Jeans,,36|38|40|42|44|46,4.43
1281,Feminine,Skirts and Shorts,,S|M|L|XL,7.77
1282,Feminine,Suits and Sets,,S|M|L|XL,10.62
1283,Feminine,Sportswear,,S|M|L|XL,13.39
1284,Feminine,Pajamas,,S|M|L|XL,17.78
1285,Feminine,Accessories,,,10.61
1286,Masculine,Coats and Blazers,GREEN,M|L|XL|XXL,17.45
1287,Masculine,Sweaters and Sweatshirts,BURGUNDY,M|L|XL|XXL,14.38
1288,Masculine,T-shirts and Polos,,M|L|XL|XXL,21.59
1289,Masculine,Shirts,,M|L|XL|XXL,4.59
1290,Masculine,Pants and Jeans,,38|40|42|44|46|48,18.25
1291,Masculine,Suits,,M|L|XL|XXL,69.96
1292,Masculine,Sportswear,,M|L|XL|XXL,6.3
1293,Masculine,Blazers,,M|L|XL|XXL,9.17
1294,Masculine,Accessories,,,5.63
1295,Children,Baby (0-12 months),GREEN,P|M|G,14.27
1296,Children,"Girl and Boy (1-5 years, 6-14 years)",BEIGE,P|M|G|GG,22.43
1297,Children,Coats,BEIGE,P|M|G,18.65
1298,Children,Sweaters,,P|M|G,3.36
1299,Children,Pajamas-2,,P|M|G,11.43
1300,Children,Accessories,,,3.16
1301,Feminine,Coats and Blazers,PINK,S|M|L|XL,38.09
1302,Feminine,Sweaters and Knitwear,TURQUOISE,S|M|L|XL,16.2
1303,Feminine,Dresses and Jumpsuits,GREEN,S|M|L|XL,20.09
1304,Feminine,Shirts and Blouses,,S|M|L|XL,14.58
1305,Feminine,T-shirts and Tops,,S|M|L|XL,5.68
1306,Feminine,Pants and Jeans,,36|38|40|42|44|46,15.2
1307,Feminine,Skirts and Shorts,,S|M|L|XL,6.06
1308,Feminine,Suits and Sets,,S|M|L|XL,11.67
1309,Feminine,Sportswear,,S|M|L,15.94
1310,Feminine,Pajamas,,S|M|L|XL,15.26
1311,Feminine,Accessories,,,3.1
1312,Masculine,Coats and Blazers,PINK,M|L|XL|XXL,22.15
1313,Masculine,Sweaters and Sweatshirts,TURQUOISE,M|L|XL|XXL,7.92
1314,Masculine,T-shirts and Polos,BLUE,M|L|XL|XXL,25.95
1315,Masculine,Shirts,BLACK,M|L|XL|XXL,15.31
1316,Masculine,Pants and Jeans,BLACK,38|40|42|44|46|48,33.51
1317,Masculine,Suits,,M|L|XL|XXL,18.4
1318,Masculine,Sportswear,,M|L|XL|XXL,28.93
1319,Masculine,Blazers,,M|L|XL,8.47
1320,Masculine,Accessories,,,1.75
1321,Children,Baby (0-12 months),LILAC,P|M|G,10.3
1322,Children,"Girl and Boy (1-5 years, 6-14 years)",PINK,P|M|G|GG,20
1323,Children,Coats,YELLOW,P|M|G,27.42
1324,Children,Sweaters,,P|M|G,17.94
1325,Children,Pajamas-2,,P|M|G,14.04
1326,Children,Accessories,,,8.27
1327,Feminine,Coats and Blazers,NEUTRAL,S|M|L|XL,33.42
1328,Feminine,Sweaters and Knitwear,MUSTARD,S|M|L|XL,7.48
1329,Feminine,Dresses and Jumpsuits,BEIGE,S|M|L|XL,22.13
1330,Feminine,Shirts and Blouses,,S|M|L|XL,15.64
1331,Feminine,T-shirts and Tops,,S|M|L|XL,4.86
1332,Feminine,Pants and Jeans,,36|38|40|42|44|46,9.98
1333,Feminine,Skirts and Shorts,,S|M|L|XL,11.1
1334,Feminine,Suits and Sets,,S|M|L|XL,44.21
1335,Feminine,Sportswear,,S|M|L|XL,9.98
1336,Feminine,Pajamas,,S|M|L|XL,11.92
1337,Feminine,Accessories,,,1.73
1338,Masculine,Coats and Blazers,NEUTRAL,M|L|XL|XXL,17.61
1339,Masculine,Sweaters and Sweatshirts,SILVER,M|L|XL|XXL,6.37
1340,Masculine,T-shirts and Polos,GREEN,M|L|XL|XXL,8.94
1341,Masculine,Shirts,,M|L|XL|XXL,18.79
1342,Masculine,Pants and Jeans,,38|40|42|44|46|48,8.51
1343,Masculine,Suits,,M|L|XL|XXL,9.13
1344,Masculine,Sportswear,,M|L|XL|XXL,5.84
1345,Masculine,Blazers,,M|L|XL|XXL,12.09
1346,Masculine,Accessories,,,1.6
1347,Children,Baby (0-12 months),BURGUNDY,P|M|G,11.03
1348,Children,"Girl and Boy (1-5 years, 6-14 years)",BLUE,P|M|G|GG,25.87
1349,Children,Coats,TURQUOISE,P|M|G,17.1
1350,Children,Sweaters,,P|M|G,6.39
1351,Children,Pajamas-2,,P|M|G,8.54
1352,Children,Accessories,,,6.63
1353,Feminine,Coats and Blazers,YELLOW,S|M|L|XL,28.89
1354,Feminine,Sweaters and Knitwear,TURQUOISE,S|M|L|XL,20.7
1355,Feminine,Dresses and Jumpsuits,NEUTRAL,S|M|L|XL,27.99
1356,Feminine,Shirts and Blouses,,S|M|L|XL,11.14
1357,Feminine,T-shirts and Tops,,S|M|L|XL,2.19
1358,Feminine,Pants and Jeans,,36|38|40|42|44|46,18.21
1359,Feminine,Skirts and Shorts,,S|M|L|XL,8.05
1360,Feminine,Suits and Sets,,S|M|L|XL,33.6
1361,Feminine,Sportswear,,S|M|L|XL,27.85
1362,Feminine,Pajamas,,S|M|L|XL,15.75
1363,Feminine,Accessories,,,4.64
1364,Masculine,Coats and Blazers,,M|L|XL|XXL,13.32
1365,Masculine,Sweaters and Sweatshirts,BLACK,M|L|XL|XXL,16.3
1366,Masculine,T-shirts and Polos,WHITE,M|L|XL|XXL,17.25
1367,Masculine,Shirts,,M|L|XL,4.31
1368,Masculine,Pants and Jeans,,38|40|42|44|46,16.61
1369,Masculine,Suits,,M|L|XL|XXL,12.59
1370,Masculine,Sportswear,,M|L|XL|XXL,23.6
1371,Masculine,Blazers,,M|L|XL|XXL,8.9
1372,Masculine,Accessories,,,2.45
1373,Children,Baby (0-12 months),YELLOW,P|M|G,4.26
1374,Children,"Girl and Boy (1-5 years, 6-14 years)",MUSTARD,P|M|G|GG,21.69
1375,Children,Coats,,P|M|G,25.73
1376,Children,Sweaters,,P|M|G,5.14
1377,Children,Pajamas-2,,P|M|G,9.68
1378,Children,Accessories,,,14.1
1379,Feminine,Coats and Blazers,RED,S|M|L,26.21
1380,Feminine,Sweaters and Knitwear,RED,S|M|L|XL,14.36
1381,Feminine,Dresses and Jumpsuits,YELLOW,S|M|L|XL,20.81
1382,Feminine,Shirts and Blouses,,S|M|L|XL,5.62
1383,Feminine,T-shirts and Tops,,S|M|L|XL,10.64
1384,Feminine,Pants and Jeans,,36|38|40|42|44|46,57.47
1385,Feminine,Skirts and Shorts,,S|M|L|XL,8.79
1386,Feminine,Suits and Sets,,S|M|L|XL,18.48
1387,Feminine,Sportswear,,S|M|L|XL,20.04
1388,Feminine,Pajamas,,S|M|L|XL,7.12
1389,Feminine,Accessories,,,3.19
1390,Masculine,Coats and Blazers,RED,M|L|XL|XXL,23.24
1391,Masculine,Sweaters and Sweatshirts,BEIGE,M|L|XL|XXL,7.19
1392,Masculine,T-shirts and Polos,YELLOW,M|L|XL|XXL,2.51
1393,Masculine,Shirts,,M|L|XL|XXL,5.87
1394,Masculine,Pants and Jeans,,38|40|42|44|46|48,9.98
1395,Masculine,Suits,,M|L|XL,45.64
1396,Masculine,Sportswear,,M|L|XL|XXL,30.4
1397,Masculine,Blazers,,M|L|XL|XXL,3.88
1398,Masculine,Accessories,,,2.06
1399,Children,Baby (0-12 months),SILVER,P|M|G,8.08
1400,Children,"Girl and Boy (1-5 years, 6-14 years)",,P|M|G|GG,7.92
1401,Children,Coats,BLACK,P|M|G,12.51
1402,Children,Sweaters,,P|M|G,11.33
1403,Children,Pajamas-2,,P|M|G,13.39
1404,Children,Accessories,,,3.26
1405,Feminine,Coats and Blazers,BLACK,S|M|L,18.56
1406,Feminine,Sweaters and Knitwear,RED,S|M|L|XL,7.98
1407,Feminine,Dresses and Jumpsuits,RED,S|M|L|XL,29.89
1408,Feminine,Shirts and Blouses,,S|M|L|XL,12.56
1409,Feminine,T-shirts and Tops,,S|M|L,5.14
1410,Feminine,Pants and Jeans,,36|38|40|42|44|46,9.35
1411,Feminine,Skirts and Shorts,,S|M|L|XL,5.68
1412,Feminine,Suits and Sets,,S|M|L|XL,14.48
1413,Feminine,Sportswear,,S|M|L|XL,12.17
1414,Feminine,Pajamas,,S|M|L|XL,6.08
1415,Feminine,Accessories,,,14.26
1416,Masculine,Coats and Blazers,TURQUOISE,M|L|XL|XXL,28.36
1417,Masculine,Sweaters and Sweatshirts,GREEN,M|L|XL|XXL,14.67
1418,Masculine,T-shirts and Polos,BLACK,M|L|XL|XXL,15.69
1419,Masculine,Shirts,,M|L|XL,18.89
1420,Masculine,Pants and Jeans,,38|40|42|44|46|48,8.89
1421,Masculine,Suits,,M|L|XL|XXL,46.05
1422,Masculine,Sportswear,,M|L|XL|XXL,26.97
1423,Masculine,Blazers,,M|L|XL|XXL,5.38
1424,Masculine,Accessories,,,3.86
1425,Children,Baby (0-12 months),YELLOW,P|M|G,6.38
1426,Children,"Girl and Boy (1-5 years, 6-14 years)",BLACK,P|M|G|GG,13.29
1427,Children,Coats,GREEN,P|M|G,22.01
1428,Children,Sweaters,,P|M|G,4.85
1429,Children,Pajamas-2,,P|M|G,6.03
1430,Children,Accessories,,,3.64
1431,Feminine,Coats and Blazers,WHITE,S|M|L|XL,32.22
1432,Feminine,Sweaters and Knitwear,BEIGE,S|M|L|XL,15.36
1433,Feminine,Dresses and Jumpsuits,PINK,S|M|L|XL,29.25
1434,Feminine,Shirts and Blouses,,S|M|L|XL,15.69
1435,Feminine,T-shirts and Tops,,S|M|L|XL,5.32
1436,Feminine,Pants and Jeans,,36|38|40|42|44|46,31.16
1437,Feminine,Skirts and Shorts,,S|M|L|XL,12.04
1438,Feminine,Suits and Sets,,S|M|L|XL,14.69
1439,Feminine,Sportswear,,S|M|L|XL,5.78
1440,Feminine,Pajamas,,S|M|L|XL,4.6
1441,Feminine,Accessories,,,6.95
1442,Masculine,Coats and Blazers,,M|L|XL|XXL,22.26
1443,Masculine,Sweaters and Sweatshirts,BURGUNDY,M|L|XL|XXL,9.59
1444,Masculine,T-shirts and Polos,RED,M|L|XL|XXL,7.99
1445,Masculine,Shirts,,M|L|XL|XXL,5.54
1446,Masculine,Pants and Jeans,,38|40|42|44|46|48,24.63
1447,Masculine,Suits,,M|L|XL|XXL,16.61
1448,Masculine,Sportswear,,M|L|XL|XXL,20.8
1449,Masculine,Blazers,,M|L|XL|XXL,12.37
1450,Masculine,Accessories,,,4.75
1451,Children,Baby (0-12 months),TURQUOISE,P|M|G,4.47
1452,Children,"Girl and Boy (1-5 years, 6-14 years)",BLUE,P|M|G|GG,10.83
1453,Children,Coats,MUSTARD,P|M|G,29
1454,Children,Sweaters,,P|M|G,21.66
1455,Children,Pajamas-2,,P|M|G,6.21
1456,Children,Accessories,,,2.57
1457,Feminine,Coats and Blazers,BLUE,S|M|L|XL,45.56
1458,Feminine,Sweaters and Knitwear,BURGUNDY,S|M|L,11.54
1459,Feminine,Dresses and Jumpsuits,BURGUNDY,S|M|L|XL,8.66
1460,Feminine,Shirts and Blouses,,S|M|L|XL,3.48
1461,Feminine,T-shirts and Tops,,S|M|L|XL,4.6
1462,Feminine,Pants and Jeans,,36|38|40|42|44|46,28.3
1463,Feminine,Skirts and Shorts,,S|M|L|XL,13.83
1464,Feminine,Suits and Sets,,S|M|L|XL,24.02
1465,Feminine,Sportswear,,S|M|L|XL,10.3
1466,Feminine,Pajamas,,S|M|L|XL,7.3
1467,Feminine,Accessories,,,9.81
1468,Masculine,Coats and Blazers,WHITE,M|L|XL|XXL,38.32
1469,Masculine,Sweaters and Sweatshirts,LILAC,M|L|XL|XXL,18.19
1470,Masculine,T-shirts and Polos,BLACK,M|L|XL|XXL,9.09
1471,Masculine,Shirts,,M|L|XL,3.07
1472,Masculine,Pants and Jeans,,38|40|42|44|46|48,51.1
1473,Masculine,Suits,,M|L|XL|XXL,44.42
1474,Masculine,Sportswear,,M|L|XL|XXL,3.56
1475,Masculine,Blazers,,M|L|XL|XXL,5.87
1476,Masculine,Accessories,,,2.44
1477,Children,Baby (0-12 months),GOLD,P|M|G,12.53
1478,Children,"Girl and Boy (1-5 years, 6-14 years)",BEIGE,P|M|G|GG,23.19
1479,Children,Coats,SILVER,P|M|G,19.21
1480,Children,Sweaters,,P|M|G,11.34
1481,Children,Pajamas-2,,P|M|G,5.5
1482,Children,Accessories,,,8.53
1483,Feminine,Coats and Blazers,BLACK,S|M|L|XL,13.31
1484,Feminine,Sweaters and Knitwear,RED,S|M|L|XL,18.11
1485,Feminine,Dresses and Jumpsuits,GREEN,S|M|L|XL,16.23
1486,Feminine,Shirts and Blouses,,S|M|L|XL,18.76
1487,Feminine,T-shirts and Tops,,S|M|L|XL,22.09
1488,Feminine,Pants and Jeans,,36|38|40|42|44|46,23.48
1489,Feminine,Skirts and Shorts,,S|M|L|XL,22.92
1490,Feminine,Suits and Sets,,S|M|L|XL,72.04
1491,Feminine,Sportswear,,S|M|L|XL,28.79
1492,Feminine,Pajamas,,S|M|L|XL,2.97
1493,Feminine,Accessories,,,1.99
1494,Masculine,Coats and Blazers,NEUTRAL,M|L|XL|XXL,27
1495,Masculine,Sweaters and Sweatshirts,,M|L|XL|XXL,13.73
1496,Masculine,T-shirts and Polos,PINK,M|L|XL|XXL,22.94
1497,Masculine,Shirts,,M|L|XL,12.88
1498,Masculine,Pants and Jeans,,38|40|42|44|46|48,22.08
1499,Masculine,Suits,,M|L|XL|XXL,45.92
1500,Masculine,Sportswear,,M|L|XL,11.84
1501,Masculine,Blazers,,M|L|XL|XXL,12.86
1502,Masculine,Accessories,,,2.78
1503,Children,Baby (0-12 months),PINK,P|M|G,5.24
1504,Children,"Girl and Boy (1-5 years, 6-14 years)",NEUTRAL,P|M|G|GG,5.56
1505,Children,Coats,LILAC,P|M|G,15.93
1506,Children,Sweaters,,P|M|G,17.67
1507,Children,Pajamas-2,,P|M|G,11.21
1508,Children,Accessories,,,4.8
1509,Feminine,Coats and Blazers,LILAC,S|M|L|XL,10.9
1510,Feminine,Sweaters and Knitwear,YELLOW,S|M|L|XL,13.49
1511,Feminine,Dresses and Jumpsuits,GREEN,S|M|L|XL,5.02
1512,Feminine,Shirts and Blouses,,S|M|L|XL,5.17
1513,Feminine,T-shirts and Tops,,S|M|L|XL,11.26
1514,Feminine,Pants and Jeans,,36|38|40|42|44|46,41.79
1515,Feminine,Skirts and Shorts,,S|M|L,6.47
1516,Feminine,Suits and Sets,,S|M|L,57.99
1517,Feminine,Sportswear,,S|M|L|XL,14.23
1518,Feminine,Pajamas,,S|M|L|XL,12.85
1519,Feminine,Accessories,,,6.74
1520,Masculine,Coats and Blazers,TURQUOISE,M|L|XL|XXL,52.41
1521,Masculine,Sweaters and Sweatshirts,MUSTARD,M|L|XL|XXL,9.96
1522,Masculine,T-shirts and Polos,,M|L|XL,30.74
1523,Masculine,Shirts,,M|L|XL|XXL,11.38
1524,Masculine,Pants and Jeans,,38|40|42|44|46|48,17.98
1525,Masculine,Suits,,M|L|XL|XXL,12.43
1526,Masculine,Sportswear,,M|L|XL|XXL,19.34
1527,Masculine,Blazers,,M|L|XL|XXL,7.52
1528,Masculine,Accessories,,,12.77
1529,Children,Baby (0-12 months),YELLOW,P|M|G,8.33
1530,Children,"Girl and Boy (1-5 years, 6-14 years)",WHITE,P|M|G|GG,30.33
1531,Children,Coats,NEUTRAL,P|M|G,21.68
1532,Children,Sweaters,,P|M|G,6.89
1533,Children,Pajamas-2,,P|M|G,8.62
1534,Children,Accessories,,,6.93
1535,Feminine,Coats and Blazers,,S|M|L,26.42
1536,Feminine,Sweaters and Knitwear,RED,S|M|L|XL,24.82
1537,Feminine,Dresses and Jumpsuits,BLUE,S|M|L|XL,13.1
1538,Feminine,Shirts and Blouses,,S|M|L|XL,16.35
1539,Feminine,T-shirts and Tops,,S|M|L|XL,13.94
1540,Feminine,Pants and Jeans,,36|38|40|42|44|46,9.42
1541,Feminine,Skirts and Shorts,,S|M|L|XL,5.02
1542,Feminine,Suits and Sets,,S|M|L|XL,14.62
1543,Feminine,Sportswear,,S|M|L|XL,13.75
1544,Feminine,Pajamas,,S|M|L|XL,12.72
1545,Feminine,Accessories,,,10.3
1546,Masculine,Coats and Blazers,MUSTARD,M|L|XL|XXL,53.61
1547,Masculine,Sweaters and Sweatshirts,YELLOW,M|L|XL|XXL,9.13
1548,Masculine,T-shirts and Polos,,M|L|XL|XXL,18.5
1549,Masculine,Shirts,,M|L|XL|XXL,12.6
1550,Masculine,Pants and Jeans,,38|40|42|44|46|48,26.88
1551,Masculine,Suits,,M|L|XL|XXL,29.69
1552,Masculine,Sportswear,,M|L|XL,20.54
1553,Masculine,Blazers,,M|L|XL|XXL,9.48
1554,Masculine,Accessories,,,3.64
1555,Children,Baby (0-12 months),BEIGE,P|M|G,7.84
1556,Children,"Girl and Boy (1-5 years, 6-14 years)",,P|M|G|GG,3.75
1557,Children,Coats,WHITE,P|M|G,8.04
1558,Children,Sweaters,,P|M|G,10.99
1559,Children,Pajamas-2,,P|M|G,8.96
1560,Children,Accessories,,,2.65
1561,Feminine,Coats and Blazers,WHITE,S|M|L|XL,22.22
1562,Feminine,Sweaters and Knitwear,BLUE,S|M|L|XL,13.39
1563,Feminine,Dresses and Jumpsuits,,S|M|L|XL,42.83
1564,Feminine,Shirts and Blouses,,S|M|L|XL,3.23
1565,Feminine,T-shirts and Tops,,S|M|L|XL,7.93
1566,Feminine,Pants and Jeans,,36|38|40|42|44|46,13.72
1567,Feminine,Skirts and Shorts,,S|M|L|XL,12.17
1568,Feminine,Suits and Sets,,S|M|L|XL,38.39
1569,Feminine,Sportswear,,S|M|L|XL,12.66
1570,Feminine,Pajamas,,S|M|L|XL,13.15
1571,Feminine,Accessories,GOLD,,10.88
1572,Masculine,Coats and Blazers,MUSTARD,M|L|XL,9.85
1573,Masculine,Sweaters and Sweatshirts,,M|L|XL|XXL,12.09
1574,Masculine,T-shirts and Polos,SILVER,M|L|XL|XXL,12.59
1575,Masculine,Shirts,,M|L|XL|XXL,3.59
1576,Masculine,Pants and Jeans,,38|40|42|44|46|48,51.59
1577,Masculine,Suits,,M|L|XL|XXL,32.42
1578,Masculine,Sportswear,,M|L|XL|XXL,26.93
1579,Masculine,Blazers,,M|L|XL|XXL,3.88
1580,Masculine,Accessories,,,1.37
1581,Children,Baby (0-12 months),WHITE,P|M|G,16.53
1582,Children,"Girl and Boy (1-5 years, 6-14 years)",,P|M|G|GG,19.21
1583,Children,Coats,,P|M|G,24.09
1584,Children,Sweaters,,P|M|G,12.59
1585,Children,Pajamas-2,,P|M|G,21.09
1586,Children,Accessories,,,2.9
1587,Feminine,Coats and Blazers,BLACK,S|M|L|XL,20.69
1588,Feminine,Sweaters and Knitwear,SILVER,S|M|L|XL,3.38
1589,Feminine,Dresses and Jumpsuits,GREEN,S|M|L|XL,11.51
1590,Feminine,Shirts and Blouses,,S|M|L|XL,14.42
1591,Feminine,T-shirts and Tops,,S|M|L|XL,5.7
1592,Feminine,Pants and Jeans,,36|38|40|42|44|46,5.48
1593,Feminine,Skirts and Shorts,,S|M|L|XL,12.57
1594,Feminine,Suits and Sets,,S|M|L|XL,37.59
1595,Feminine,Sportswear,,S|M|L|XL,3.69
1596,Feminine,Pajamas,,S|M|L|XL,8.35
1597,Feminine,Accessories,,,1.49
1598,Masculine,Coats and Blazers,GREEN,M|L|XL|XXL,39.82
1599,Masculine,Sweaters and Sweatshirts,PINK,M|L|XL|XXL,30.43
1600,Masculine,T-shirts and Polos,WHITE,M|L|XL|XXL,4.21
1601,Masculine,Shirts,,M|L|XL|XXL,5.7
1602,Masculine,Pants and Jeans,,38|40|42|44|46|48,18.88
1603,Masculine,Suits,,M|L|XL|XXL,52.56
1604,Masculine,Sportswear,,M|L|XL|XXL,11.42
1605,Masculine,Blazers,,M|L|XL|XXL,13.72
1606,Masculine,Accessories,,,3.25
1607,Children,Baby (0-12 months),RED,P|M|G,12.9
1608,Children,"Girl and Boy (1-5 years, 6-14 years)",NEUTRAL,P|M|G|GG,11.33
1609,Children,Coats,GREEN,P|M|G,22.61
1610,Children,Sweaters,,P|M|G,13.42
1611,Children,Pajamas-2,,P|M|G,6.68
1612,Children,Accessories,,,7.25
1613,Feminine,Coats and Blazers,BLACK,S|M|L|XL,23.1
1614,Feminine,Sweaters and Knitwear,LILAC,S|M|L|XL,23.49
1615,Feminine,Dresses and Jumpsuits,,S|M|L,31.68
1616,Feminine,Shirts and Blouses,,S|M|L|XL,20.31
1617,Feminine,T-shirts and Tops,,S|M|L|XL,20.58
1618,Feminine,Pants and Jeans,,36|38|40|42,5.6
1619,Feminine,Skirts and Shorts,,S|M|L|XL,11.01
1620,Feminine,Suits and Sets,,S|M|L|XL,13.19
1621,Feminine,Sportswear,,S|M|L|XL,22.09
1622,Feminine,Pajamas,,S|M|L|XL,13.86
1623,Feminine,Accessories,,,3.59
1624,Masculine,Coats and Blazers,TURQUOISE,M|L|XL|XXL,11.99
1625,Masculine,Sweaters and Sweatshirts,GREEN,M|L|XL|XXL,8.93
1626,Masculine,T-shirts and Polos,LILAC,M|L|XL|XXL,6.64
1627,Masculine,Shirts,,M|L|XL|XXL,4.74
1628,Masculine,Pants and Jeans,,38|40|42|44|46|48,28.08
1629,Masculine,Suits,,M|L|XL|XXL,25.67
1630,Masculine,Sportswear,,M|L|XL|XXL,21.42
1631,Masculine,Blazers,,M|L|XL|XXL,12.74
1632,Masculine,Accessories,,,10.3
1633,Children,Baby (0-12 months),GOLD,P|M|G,11.64
1634,Children,"Girl and Boy (1-5 years, 6-14 years)",RED,P|M|G,7.75
1635,Children,Coats,,P|M|G,28.74
1636,Children,Sweaters,,P|M|G,24.56
1637,Children,Pajamas-2,,P|M|G,9.98
1638,Children,Accessories,,,7.69
1639,Feminine,Coats and Blazers,YELLOW,S|M|L,33.63
1640,Feminine,Sweaters and Knitwear,MUSTARD,S|M|L|XL,5.73
1641,Feminine,Dresses and Jumpsuits,NEUTRAL,S|M|L|XL,22.75
1642,Feminine,Shirts and Blouses,,S|M|L,15.15
1643,Feminine,T-shirts and Tops,,S|M|L|XL,2.56
1644,Feminine,Pants and Jeans,,36|38|40|42|44|46,7.14
1645,Feminine,Skirts and Shorts,,S|M|L,9.91
1646,Feminine,Suits and Sets,,S|M|L|XL,28.54
1647,Feminine,Sportswear,,S|M|L,7.48
1648,Feminine,Pajamas,,S|M|L,3.51
1649,Feminine,Accessories,SILVER,,10.71
1650,Masculine,Coats and Blazers,,M|L|XL|XXL,21.43
1651,Masculine,Sweaters and Sweatshirts,WHITE,M|L|XL,5.05
1652,Masculine,T-shirts and Polos,BEIGE,M|L|XL|XXL,4.8
1653,Masculine,Shirts,,M|L|XL,16.42
1654,Masculine,Pants and Jeans,,38|40|42|44|46|48,41.53
1655,Masculine,Suits,,M|L|XL|XXL,18.79
1656,Masculine,Sportswear,,M|L|XL|XXL,13.44
1657,Masculine,Blazers,,M|L|XL|XXL,5.14
1658,Masculine,Accessories,SILVER,,3.88
1659,Children,Baby (0-12 months),YELLOW,P|M|G,3.07
1660,Children,"Girl and Boy (1-5 years, 6-14 years)",TURQUOISE,P|M|G|GG,11.67
1661,Children,Coats,WHITE,P|M|G,22.79
1662,Children,Sweaters,,P|M|G,14.57
1663,Children,Pajamas-2,,P|M|G,2.31
1664,Children,Accessories,,,5.94
1665,Feminine,Coats and Blazers,GREEN,S|M|L|XL,12.32
1666,Feminine,Sweaters and Knitwear,,S|M|L|XL,16.61
1667,Feminine,Dresses and Jumpsuits,BLACK,S|M|L|XL,21.46
1668,Feminine,Shirts and Blouses,,S|M|L|XL,5.99
1669,Feminine,T-shirts and Tops,,S|M|L|XL,3.95
1670,Feminine,Pants and Jeans,,36|38|40|42|44|46,16.96
1671,Feminine,Skirts and Shorts,,S|M|L,3.87
1672,Feminine,Suits and Sets,,S|M|L|XL,67.12
1673,Feminine,Sportswear,,S|M|L|XL,16.55
1674,Feminine,Pajamas,,S|M|L|XL,3.2
1675,Feminine,Accessories,,,3.35
1676,Masculine,Coats and Blazers,BURGUNDY,M|L|XL|XXL,34.36
1677,Masculine,Sweaters and Sweatshirts,BURGUNDY,M|L|XL|XXL,17.87
1678,Masculine,T-shirts and Polos,LILAC,M|L|XL|XXL,5.91
1679,Masculine,Shirts,,M|L|XL|XXL,10.21
1680,Masculine,Pants and Jeans,,38|40|42|44|46|48,5.79
1681,Masculine,Suits,,M|L|XL|XXL,21.88
1682,Masculine,Sportswear,,M|L|XL|XXL,25.1
1683,Masculine,Blazers,,M|L|XL|XXL,10.63
1684,Masculine,Accessories,,,1.54
1685,Children,Baby (0-12 months),,P|M|G,14.67
1686,Children,"Girl and Boy (1-5 years, 6-14 years)",BLUE,P|M|G|GG,26.49
1687,Children,Coats,BLUE,P|M|G,33.37
1688,Children,Sweaters,,P|M|G,10.35
1689,Children,Pajamas-2,,P|M|G,8.59
1690,Children,Accessories,,,9.47
1691,Feminine,Coats and Blazers,MUSTARD,S|M|L|XL,39.96
1692,Feminine,Sweaters and Knitwear,BLACK,S|M|L|XL,19.51
1693,Feminine,Dresses and Jumpsuits,WHITE,S|M|L|XL,16.44
1694,Feminine,Shirts and Blouses,,S|M|L|XL,20.39
1695,Feminine,T-shirts and Tops,,S|M|L|XL,6.68
1696,Feminine,Pants and Jeans,,36|38|40|42|44|46,4.68
1697,Feminine,Skirts and Shorts,,S|M|L|XL,13.61
1698,Feminine,Suits and Sets,,S|M|L|XL,13.63
1699,Feminine,Sportswear,,S|M|L|XL,4.55
1700,Feminine,Pajamas,,S|M|L|XL,6.04
1701,Feminine,Accessories,,,6.33
1702,Masculine,Coats and Blazers,MUSTARD,M|L|XL|XXL,13.73
1703,Masculine,Sweaters and Sweatshirts,WHITE,M|L|XL|XXL,10.54
1704,Masculine,T-shirts and Polos,MUSTARD,M|L|XL|XXL,6.55
1705,Masculine,Shirts,,M|L|XL|XXL,7.42
1706,Masculine,Pants and Jeans,,38|40|42|44|46|48,32.94
1707,Masculine,Suits,,M|L|XL|XXL,10.58
1708,Masculine,Sportswear,,M|L|XL|XXL,11.76
1709,Masculine,Blazers,,M|L|XL|XXL,9.02
1710,Masculine,Accessories,,,8.85
1711,Children,Baby (0-12 months),YELLOW,P|M|G,15.55
1712,Children,"Girl and Boy (1-5 years, 6-14 years)",TURQUOISE,P|M|G|GG,9.9
1713,Children,Coats,WHITE,P|M|G,11.07
1714,Children,Sweaters,,P|M|G,21.35
1715,Children,Pajamas-2,,P|M|G,16.84
1716,Children,Accessories,,,2.93
1717,Feminine,Coats and Blazers,LILAC,S|M|L|XL,42.1
1718,Feminine,Sweaters and Knitwear,SILVER,S|M|L|XL,18.59
1719,Feminine,Dresses and Jumpsuits,BEIGE,S|M|L|XL,32.7
1720,Feminine,Shirts and Blouses,,S|M|L|XL,17.78
1721,Feminine,T-shirts and Tops,,S|M|L|XL,15.88
1722,Feminine,Pants and Jeans,,36|38|40|42|44|46,47.69
1723,Feminine,Skirts and Shorts,,S|M|L|XL,3.42
1724,Feminine,Suits and Sets,,S|M|L|XL,17.2
1725,Feminine,Sportswear,,S|M|L|XL,24.96
1726,Feminine,Pajamas,,S|M|L|XL,14.77
1727,Feminine,Accessories,,,4.57
1728,Masculine,Coats and Blazers,,M|L|XL|XXL,16.16
1729,Masculine,Sweaters and Sweatshirts,BURGUNDY,M|L|XL|XXL,21.65
1730,Masculine,T-shirts and Polos,NEUTRAL,M|L|XL|XXL,2.37
1731,Masculine,Shirts,,M|L|XL|XXL,16.2
1732,Masculine,Pants and Jeans,,38|40|42|44|46|48,19.99
1733,Masculine,Suits,,M|L|XL|XXL,53.04
1734,Masculine,Sportswear,,M|L|XL,9.88
1735,Masculine,Blazers,,M|L|XL|XXL,22.18
1736,Masculine,Accessories,,,12.39
1737,Children,Baby (0-12 months),,P|M|G,10.76
1738,Children,"Girl and Boy (1-5 years, 6-14 years)",RED,P|M|G|GG,6.25
1739,Children,Coats,BLUE,P|M|G,18.41
1740,Children,Sweaters,,P|M|G,27.42
1741,Children,Pajamas-2,,P|M|G,10.07
1742,Children,Accessories,,,3.04
1743,Feminine,Coats and Blazers,BEIGE,S|M|L|XL,10.76
1744,Feminine,Sweaters and Knitwear,GREEN,S|M|L|XL,29.88
1745,Feminine,Dresses and Jumpsuits,YELLOW,S|M|L|XL,20.58
1746,Feminine,Shirts and Blouses,,S|M|L|XL,18.56
1747,Feminine,T-shirts and Tops,,S|M|L|XL,11.3
1748,Feminine,Pants and Jeans,,36|38|40|42|44|46,12.05
1749,Feminine,Skirts and Shorts,,S|M|L|XL,8.44
1750,Feminine,Suits and Sets,,S|M|L,18.33
1751,Feminine,Sportswear,,S|M|L,14.01
1752,Feminine,Pajamas,,S|M|L|XL,4.79
1753,Feminine,Accessories,,,7.55
1754,Masculine,Coats and Blazers,BLUE,M|L|XL|XXL,7.33
1755,Masculine,Sweaters and Sweatshirts,NEUTRAL,M|L|XL|XXL,19.42
1756,Masculine,T-shirts and Polos,MUSTARD,M|L|XL|XXL,19.16
1757,Masculine,Shirts,,M|L|XL|XXL,5.04
1758,Masculine,Pants and Jeans,,38|40|42|44|46|48,3.98
1759,Masculine,Suits,,M|L|XL,38.5
1760,Masculine,Sportswear,,M|L|XL|XXL,12.14
1761,Masculine,Blazers,,M|L|XL|XXL,2.87
1762,Masculine,Accessories,,,9.1
1763,Children,Baby (0-12 months),LILAC,P|M|G,20.03
1764,Children,"Girl and Boy (1-5 years, 6-14 years)",BURGUNDY,P|M|G,6.14
1765,Children,Coats,BLUE,P|M|G,27.34
1766,Children,Sweaters,,P|M|G,7.42
1767,Children,Pajamas-2,,P|M|G,5.02
1768,Children,Accessories,,,6.77
1769,Feminine,Coats and Blazers,RED,S|M|L|XL,8.12
1770,Feminine,Sweaters and Knitwear,,S|M|L|XL,25.55
1771,Feminine,Dresses and Jumpsuits,TURQUOISE,S|M|L|XL,13.95
1772,Feminine,Shirts and Blouses,,S|M|L|XL,22.98
1773,Feminine,T-shirts and Tops,,S|M|L,8.82
1774,Feminine,Pants and Jeans,,36|38|40|42|44|46,5.4
1775,Feminine,Skirts and Shorts,,S|M|L|XL,10.68
1776,Feminine,Suits and Sets,,S|M|L|XL,44.73
1777,Feminine,Sportswear,,S|M|L|XL,26.76
1778,Feminine,Pajamas,,S|M|L|XL,9.41
1779,Feminine,Accessories,,,4.7
1780,Masculine,Coats and Blazers,,M|L|XL|XXL,9.78
1781,Masculine,Sweaters and Sweatshirts,PINK,M|L|XL|XXL,33.28
1782,Masculine,T-shirts and Polos,BEIGE,M|L|XL|XXL,15.22
1783,Masculine,Shirts,,M|L|XL|XXL,12.4
1784,Masculine,Pants and Jeans,,38|40|42|44|46|48,9.94
1785,Masculine,Suits,,M|L|XL|XXL,31.36
1786,Masculine,Sportswear,,M|L|XL|XXL,9.83
1787,Masculine,Blazers,,M|L|XL|XXL,5.36
1788,Masculine,Accessories,,,2.56
1789,Children,Baby (0-12 months),,P|M|G,9.8
1790,Children,"Girl and Boy (1-5 years, 6-14 years)",MUSTARD,P|M|G|GG,6.82
1791,Children,Coats,SILVER,P|M|G,16.84
1792,Children,Sweaters,,P|M|G,15.31
1793,Children,Pajamas-2,,P|M|G,7.96
1794,Children,Accessories,,,4.56
1795,Feminine,Coats and Blazers,BLACK,S|M|L|XL,11.51
1796,Feminine,Sweaters and Knitwear,BEIGE,S|M|L|XL,13.97
1797,Feminine,Dresses and Jumpsuits,RED,S|M|L|XL,13.32
1798,Feminine,Shirts and Blouses,,S|M|L|XL,4.8
1799,Feminine,T-shirts and Tops,,S|M|L|XL,2.28
1800,Feminine,Pants and Jeans,,36|38|40|42|44|46,12.94
1801,Feminine,Skirts and Shorts,,S|M|L|XL,5.64
1802,Feminine,Suits and Sets,,S|M|L|XL,33.37
1803,Feminine,Sportswear,,S|M|L|XL,15.67
1804,Feminine,Pajamas,,S|M|L|XL,3.71
1805,Feminine,Accessories,,,3.54
1806,Masculine,Coats and Blazers,LILAC,M|L|XL|XXL,46.04
1807,Masculine,Sweaters and Sweatshirts,GOLD,M|L|XL|XXL,12.61
1808,Masculine,T-shirts and Polos,WHITE,M|L|XL|XXL,15.03
1809,Masculine,Shirts,,M|L|XL|XXL,10.63
1810,Masculine,Pants and Jeans,,38|40|42|44|46|48,27.56
1811,Masculine,Suits,SILVER,M|L|XL|XXL,34.83
1812,Masculine,Sportswear,,M|L|XL|XXL,9.72
1813,Masculine,Blazers,,M|L|XL|XXL,16.99
1814,Masculine,Accessories,,,2.52
1815,Children,Baby (0-12 months),RED,P|M|G,9.93
1816,Children,"Girl and Boy (1-5 years, 6-14 years)",,P|M|G|GG,13.16
1817,Children,Coats,BURGUNDY,P|M|G,14.98
1818,Children,Sweaters,,P|M|G,12.66
1819,Children,Pajamas-2,,P|M|G,14.64
1820,Children,Accessories,,,8.78
1821,Feminine,Coats and Blazers,NEUTRAL,S|M|L|XL,23.84
1822,Feminine,Sweaters and Knitwear,,S|M|L|XL,21.53
1823,Feminine,Dresses and Jumpsuits,YELLOW,S|M|L,21.65
1824,Feminine,Shirts and Blouses,,S|M|L|XL,6.3
1825,Feminine,T-shirts and Tops,,S|M|L|XL,18.78
1826,Feminine,Pants and Jeans,,36|38|40|42|44|46,22.58
1827,Feminine,Skirts and Shorts,,S|M|L|XL,7.74
1828,Feminine,Suits and Sets,,S|M|L|XL,19.11
1829,Feminine,Sportswear,,S|M|L|XL,11.05
1830,Feminine,Pajamas,,S|M|L|XL,8.81
1831,Feminine,Accessories,,,4.03
1832,Masculine,Coats and Blazers,SILVER,M|L|XL|XXL,53.55
1833,Masculine,Sweaters and Sweatshirts,BLUE,M|L|XL|XXL,22.18
1834,Masculine,T-shirts and Polos,PINK,M|L|XL|XXL,4.13
1835,Masculine,Shirts,,M|L|XL|XXL,13.3
1836,Masculine,Pants and Jeans,,38|40|42|44|46|48,20.29
1837,Masculine,Suits,,M|L|XL|XXL,30.81
1838,Masculine,Sportswear,,M|L|XL|XXL,15.32
1839,Masculine,Blazers,,M|L|XL|XXL,15.07
1840,Masculine,Accessories,,,3.13
1841,Children,Baby (0-12 months),SILVER,P|M|G,4.69
1842,Children,"Girl and Boy (1-5 years, 6-14 years)",YELLOW,P|M|G|GG,18.26
1843,Children,Coats,PINK,P|M|G,14.71
1844,Children,Sweaters,,P|M|G,15.13
1845,Children,Pajamas-2,,P|M|G,12.19
1846,Children,Accessories,,,1.37
1847,Feminine,Coats and Blazers,WHITE,S|M|L|XL,18
1848,Feminine,Sweaters and Knitwear,PINK,S|M|L|XL,11.04
1849,Feminine,Dresses and Jumpsuits,LILAC,S|M|L|XL,16.02
1850,Feminine,Shirts and Blouses,,S|M|L|XL,10.6
1851,Feminine,T-shirts and Tops,,S|M|L|XL,11.1
1852,Feminine,Pants and Jeans,,36|38|40|42|44|46,23.58
1853,Feminine,Skirts and Shorts,,S|M|L|XL,8.98
1854,Feminine,Suits and Sets,,S|M|L|XL,38.8
1855,Feminine,Sportswear,,S|M|L|XL,26.95
1856,Feminine,Pajamas,,S|M|L|XL,9.08
1857,Feminine,Accessories,,,15.17
1858,Masculine,Coats and Blazers,MUSTARD,M|L|XL|XXL,24
1859,Masculine,Sweaters and Sweatshirts,GREEN,M|L|XL|XXL,11.01
1860,Masculine,T-shirts and Polos,BLUE,M|L|XL|XXL,9.4
1861,Masculine,Shirts,,M|L|XL|XXL,12.43
1862,Masculine,Pants and Jeans,,38|40|42|44,7.96
1863,Masculine,Suits,,M|L|XL|XXL,38.44
1864,Masculine,Sportswear,,M|L|XL|XXL,17.88
1865,Masculine,Blazers,,M|L|XL|XXL,8.13
1866,Masculine,Accessories,,,1.26
1867,Children,Baby (0-12 months),TURQUOISE,P|M|G,9.04
1868,Children,"Girl and Boy (1-5 years, 6-14 years)",SILVER,P|M|G,8.42
1869,Children,Coats,SILVER,P|M|G,9.81
1870,Children,Sweaters,,P|M|G,11.2
1871,Children,Pajamas-2,,P|M|G,7.51
1872,Children,Accessories,,,3.26
1873,Feminine,Coats and Blazers,BURGUNDY,S|M|L|XL,24.96
1874,Feminine,Sweaters and Knitwear,GOLD,S|M|L|XL,29.07
1875,Feminine,Dresses and Jumpsuits,WHITE,S|M|L|XL,10.43
1876,Feminine,Shirts and Blouses,,S|M|L|XL,10.05
1877,Feminine,T-shirts and Tops,,S|M|L|XL,1.52
1878,Feminine,Pants and Jeans,,36|38|40|42|44|46,23.46
1879,Feminine,Skirts and Shorts,,S|M|L|XL,9.08
1880,Feminine,Suits and Sets,,S|M|L|XL,67.9
1881,Feminine,Sportswear,,S|M|L|XL,19.32
1882,Feminine,Pajamas,,S|M|L|XL,6.66
1883,Feminine,Accessories,,,13.03
1884,Masculine,Coats and Blazers,,M|L|XL|XXL,12.32
1885,Masculine,Sweaters and Sweatshirts,LILAC,M|L|XL|XXL,25.16
1886,Masculine,T-shirts and Polos,,M|L|XL|XXL,10.18
1887,Masculine,Shirts,,M|L|XL|XXL,5.72
1888,Masculine,Pants and Jeans,,38|40|42|44|46|48,18.95
1889,Masculine,Suits,,M|L|XL|XXL,61.57
1890,Masculine,Sportswear,,M|L|XL|XXL,11.47
1891,Masculine,Blazers,,M|L|XL|XXL,8.4
1892,Masculine,Accessories,,,6.38
1893,Children,Baby (0-12 months),SILVER,P|M|G,12.4
1894,Children,"Girl and Boy (1-5 years, 6-14 years)",,P|M|G,15.1
1895,Children,Coats,LILAC,P|M|G,14.12
1896,Children,Sweaters,,P|M|G,23.39
1897,Children,Pajamas-2,,P|M|G,4.27
1898,Children,Accessories,,,5.03
1899,Feminine,Coats and Blazers,RED,S|M|L|XL,27.76
1900,Feminine,Sweaters and Knitwear,,S|M|L|XL,17.95
1901,Feminine,Dresses and Jumpsuits,WHITE,S|M|L|XL,5.96
1902,Feminine,Shirts and Blouses,,S|M|L|XL,19.47
1903,Feminine,T-shirts and Tops,,S|M|L|XL,14.13
1904,Feminine,Pants and Jeans,,36|38|40|42|44|46,12.37
1905,Feminine,Skirts and Shorts,,S|M|L|XL,3.36
1906,Feminine,Suits and Sets,,S|M|L|XL,22.83
1907,Feminine,Sportswear,,S|M|L|XL,14.3
1908,Feminine,Pajamas,,S|M|L|XL,8.44
1909,Feminine,Accessories,,,3.58
1910,Masculine,Coats and Blazers,,M|L|XL|XXL,36.19
1911,Masculine,Sweaters and Sweatshirts,,M|L|XL|XXL,4.74
1912,Masculine,T-shirts and Polos,GREEN,M|L|XL|XXL,10.79
1913,Masculine,Shirts,,M|L|XL|XXL,11.36
1914,Masculine,Pants and Jeans,,38|40|42|44|46|48,11.85
1915,Masculine,Suits,,M|L|XL|XXL,29.27
1916,Masculine,Sportswear,,M|L|XL|XXL,13.3
1917,Masculine,Blazers,,M|L|XL|XXL,8.26
1918,Masculine,Accessories,,,2.75
1919,Children,Baby (0-12 months),,P|M|G,6.27
1920,Children,"Girl and Boy (1-5 years, 6-14 years)",RED,P|M|G|GG,7.31
1921,Children,Coats,LILAC,P|M|G,21.84
1922,Children,Sweaters,,P|M|G,7.15
1923,Children,Pajamas-2,,P|M|G,10.75
1924,Children,Accessories,,,4.09
1925,Feminine,Coats and Blazers,,S|M|L|XL,33.09
1926,Feminine,Sweaters and Knitwear,YELLOW,S|M|L|XL,9.72
1927,Feminine,Dresses and Jumpsuits,WHITE,S|M|L|XL,19.87
1928,Feminine,Shirts and Blouses,,S|M|L|XL,8.21
1929,Feminine,T-shirts and Tops,,S|M|L|XL,11.72
1930,Feminine,Pants and Jeans,,36|38|40|42|44|46,15.41
1931,Feminine,Skirts and Shorts,,S|M|L|XL,7.11
1932,Feminine,Suits and Sets,,S|M|L,59.08
1933,Feminine,Sportswear,,S|M|L|XL,5.34
1934,Feminine,Pajamas,,S|M|L|XL,11.42
1935,Feminine,Accessories,,,1.54
1936,Masculine,Coats and Blazers,YELLOW,M|L|XL|XXL,39.62
1937,Masculine,Sweaters and Sweatshirts,BEIGE,M|L|XL|XXL,10.13
1938,Masculine,T-shirts and Polos,TURQUOISE,M|L|XL|XXL,5.9
1939,Masculine,Shirts,,M|L|XL,7
1940,Masculine,Pants and Jeans,,38|40|42|44|46|48,20.25
1941,Masculine,Suits,,M|L|XL|XXL,76.15
1942,Masculine,Sportswear,,M|L|XL|XXL,19.14
1943,Masculine,Blazers,,M|L|XL|XXL,18.12
1944,Masculine,Accessories,,,2.46
1945,Children,Baby (0-12 months),GREEN,P|M|G,4.3
1946,Children,"Girl and Boy (1-5 years, 6-14 years)",SILVER,P|M|G|GG,34.85
1947,Children,Coats,TURQUOISE,P|M|G,19.92
1948,Children,Sweaters,,P|M|G,9.58
1949,Children,Pajamas-2,,P|M|G,12.12
1950,Children,Accessories,,,9.81
1951,Feminine,Coats and Blazers,LILAC,S|M|L|XL,19.67
1952,Feminine,Sweaters and Knitwear,MUSTARD,S|M|L|XL,10.08
1953,Feminine,Dresses and Jumpsuits,YELLOW,S|M|L,21.06
1954,Feminine,Shirts and Blouses,,S|M|L|XL,11.36
1955,Feminine,T-shirts and Tops,,S|M|L|XL,6.8
1956,Feminine,Pants and Jeans,,36|38|40|42|44|46,54.44
1957,Feminine,Skirts and Shorts,,S|M|L|XL,11.64
1958,Feminine,Suits and Sets,,S|M|L|XL,13.5
1959,Feminine,Sportswear,,S|M|L|XL,24.4
1960,Feminine,Pajamas,,S|M|L|XL,5.24
1961,Feminine,Accessories,,,2.6
1962,Masculine,Coats and Blazers,BLUE,M|L|XL|XXL,16.95
1963,Masculine,Sweaters and Sweatshirts,LILAC,M|L|XL|XXL,15.34
1964,Masculine,T-shirts and Polos,YELLOW,M|L|XL|XXL,10.23
1965,Masculine,Shirts,,M|L|XL|XXL,7.14
1966,Masculine,Pants and Jeans,,38|40|42|44|46|48,19.59
1967,Masculine,Suits,,M|L|XL|XXL,70.11
1968,Masculine,Sportswear,,M|L|XL|XXL,28.73
1969,Masculine,Blazers,,M|L|XL|XXL,7.31
1970,Masculine,Accessories,,,3.75
1971,Children,Baby (0-12 months),PINK,P|M|G,9.4
1972,Children,"Girl and Boy (1-5 years, 6-14 years)",NEUTRAL,P|M|G|GG,13.1
1973,Children,Coats,,P|M|G,16.94
1974,Children,Sweaters,,P|M|G,16.61
1975,Children,Pajamas-2,,P|M|G,12.5
1976,Children,Accessories,,,5.86
1977,Feminine,Coats and Blazers,WHITE,S|M|L|XL,24.17
1978,Feminine,Sweaters and Knitwear,,S|M|L|XL,15.18
1979,Feminine,Dresses and Jumpsuits,SILVER,S|M|L|XL,38.63
1980,Feminine,Shirts and Blouses,,S|M|L|XL,3.35
1981,Feminine,T-shirts and Tops,,S|M|L|XL,19.01
1982,Feminine,Pants and Jeans,,36|38|40|42|44|46,28.48
1983,Feminine,Skirts and Shorts,,S|M|L|XL,5.23
1984,Feminine,Suits and Sets,,S|M|L|XL,74.71
1985,Feminine,Sportswear,,S|M|L|XL,7.12
1986,Feminine,Pajamas,,S|M|L|XL,15.23
1987,Feminine,Accessories,,,10.48
1988,Masculine,Coats and Blazers,BLACK,M|L|XL|XXL,18.67
1989,Masculine,Sweaters and Sweatshirts,NEUTRAL,M|L|XL|XXL,13.36
1990,Masculine,T-shirts and Polos,GREEN,M|L|XL|XXL,25.2
1991,Masculine,Shirts,,M|L|XL|XXL,11.45
1992,Masculine,Pants and Jeans,,38|40|42|44|46|48,6.22
1993,Masculine,Suits,,M|L|XL|XXL,11.1
1994,Masculine,Sportswear,,M|L|XL|XXL,8.64
1995,Masculine,Blazers,,M|L|XL|XXL,5.93
1996,Masculine,Accessories,,,8.55
1997,Children,Baby (0-12 months),WHITE,P|M|G,5
1998,Children,"Girl and Boy (1-5 years, 6-14 years)",YELLOW,P|M|G|GG,13.65
1999,Children,Coats,YELLOW,P|M|G,41
2000,Children,Sweaters,,P|M|G,17.63
2001,Children,Pajamas-2,,P|M|G,12.77
2002,Children,Accessories,,,5.53
2003,Feminine,Coats and Blazers,SILVER,S|M|L|XL,42.07
2004,Feminine,Sweaters and Knitwear,WHITE,S|M|L|XL,13.62
2005,Feminine,Dresses and Jumpsuits,WHITE,S|M|L,9.94
2006,Feminine,Shirts and Blouses,,S|M|L|XL,7.52
2007,Feminine,T-shirts and Tops,,S|M|L|XL,11.49
2008,Feminine,Pants and Jeans,,36|38|40|42|44|46,8.54
2009,Feminine,Skirts and Shorts,,S|M|L|XL,14.94
2010,Feminine,Suits and Sets,,S|M|L|XL,49.12
2011,Feminine,Sportswear,,S|M|L|XL,17.09
2012,Feminine,Pajamas,,S|M|L|XL,4.54
2013,Feminine,Accessories,,,1.27
2014,Masculine,Coats and Blazers,YELLOW,M|L|XL|XXL,16.25
2015,Masculine,Sweaters and Sweatshirts,WHITE,M|L|XL|XXL,22.23
2016,Masculine,T-shirts and Polos,,M|L|XL|XXL,14.68
2017,Masculine,Shirts,,M|L|XL|XXL,14.19
2018,Masculine,Pants and Jeans,,38|40|42|44|46|48,22.73
2019,Masculine,Suits,,M|L|XL|XXL,30.8
2020,Masculine,Sportswear,,M|L|XL|XXL,28.48
2021,Masculine,Blazers,,M|L|XL|XXL,13.71
2022,Masculine,Accessories,,,7.79
2023,Children,Baby (0-12 months),NEUTRAL,P|M|G,10.8
2024,Children,"Girl and Boy (1-5 years, 6-14 years)",,P|M|G|GG,21.44
2025,Children,Coats,YELLOW,P|M|G,14.73
2026,Children,Sweaters,,P|M|G,3.5
2027,Children,Pajamas-2,,P|M|G,6.33
2028,Children,Accessories,GOLD,,5.06
2029,Feminine,Coats and Blazers,NEUTRAL,S|M|L|XL,11.07
2030,Feminine,Sweaters and Knitwear,NEUTRAL,S|M|L|XL,19.62
2031,Feminine,Dresses and Jumpsuits,MUSTARD,S|M|L|XL,20.38
2032,Feminine,Shirts and Blouses,,S|M|L|XL,2.54
2033,Feminine,T-shirts and Tops,,S|M|L|XL,3.27
2034,Feminine,Pants and Jeans,,36|38|40|42,20.88
2035,Feminine,Skirts and Shorts,,S|M|L|XL,4.19
2036,Feminine,Suits and Sets,,S|M|L|XL,40.61
2037,Feminine,Sportswear,,S|M|L|XL,6.8
2038,Feminine,Pajamas,,S|M|L|XL,7.72
2039,Feminine,Accessories,,,10.23
2040,Masculine,Coats and Blazers,PINK,M|L|XL|XXL,20.91
2041,Masculine,Sweaters and Sweatshirts,NEUTRAL,M|L|XL,18.95
2042,Masculine,T-shirts and Polos,,M|L|XL|XXL,12.38
2043,Masculine,Shirts,,M|L|XL,5.47
2044,Masculine,Pants and Jeans,,38|40|42|44|46|48,9.59
2045,Masculine,Suits,,M|L|XL|XXL,12.57
2046,Masculine,Sportswear,,M|L|XL|XXL,10.82
2047,Masculine,Blazers,,M|L|XL|XXL,20.12
2048,Masculine,Accessories,,,8.25
2049,Children,Baby (0-12 months),,P|M|G,3.53
2050,Children,"Girl and Boy (1-5 years, 6-14 years)",,P|M|G|GG,3.69
2051,Children,Coats,NEUTRAL,P|M|G,23.31
2052,Children,Sweaters,,P|M|G,9.13
2053,Children,Pajamas-2,,P|M|G,10.32
2054,Children,Accessories,,,6.7
2055,Feminine,Coats and Blazers,WHITE,S|M|L,57.73
2056,Feminine,Sweaters and Knitwear,BEIGE,S|M|L|XL,23.62
2057,Feminine,Dresses and Jumpsuits,NEUTRAL,S|M|L|XL,15.72
2058,Feminine,Shirts and Blouses,,S|M|L,33.16
2059,Feminine,T-shirts and Tops,,S|M|L|XL,4.72
2060,Feminine,Pants and Jeans,,36|38|40|42|44|46,10.37
2061,Feminine,Skirts and Shorts,,S|M|L|XL,8.29
2062,Feminine,Suits and Sets,,S|M|L|XL,26.37
2063,Feminine,Sportswear,,S|M|L|XL,8.81
2064,Feminine,Pajamas,,S|M|L|XL,12.83
2065,Feminine,Accessories,,,3.82
2066,Masculine,Coats and Blazers,MUSTARD,M|L|XL|XXL,13.18
2067,Masculine,Sweaters and Sweatshirts,SILVER,M|L|XL|XXL,20.37
2068,Masculine,T-shirts and Polos,GREEN,M|L|XL|XXL,23.47
2069,Masculine,Shirts,,M|L|XL|XXL,6
2070,Masculine,Pants and Jeans,,38|40|42|44|46|48,9.47
2071,Masculine,Suits,,M|L|XL|XXL,16.27
2072,Masculine,Sportswear,,M|L|XL|XXL,8.95
2073,Masculine,Blazers,,M|L|XL|XXL,17.28
2074,Masculine,Accessories,,,15.9
2075,Children,Baby (0-12 months),BLACK,P|M|G,7.41
2076,Children,"Girl and Boy (1-5 years, 6-14 years)",SILVER,P|M|G,4.05
2077,Children,Coats,WHITE,P|M|G,35.47
2078,Children,Sweaters,,P|M|G,8.55
2079,Children,Pajamas-2,,P|M|G,16.94
2080,Children,Accessories,,,1.55
2081,Feminine,Coats and Blazers,RED,S|M|L|XL,23.96
2082,Feminine,Sweaters and Knitwear,,S|M|L,20.82
2083,Feminine,Dresses and Jumpsuits,BLUE,S|M|L|XL,9.34
2084,Feminine,Shirts and Blouses,,S|M|L|XL,6.03
2085,Feminine,T-shirts and Tops,,S|M|L|XL,10.77
2086,Feminine,Pants and Jeans,,36|38|40|42|44|46,11.54
2087,Feminine,Skirts and Shorts,,S|M|L|XL,11.58
2088,Feminine,Suits and Sets,,S|M|L,34.8
2089,Feminine,Sportswear,,S|M|L|XL,19.32
2090,Feminine,Pajamas,,S|M|L|XL,12.5
2091,Feminine,Accessories,,,5.63
2092,Masculine,Coats and Blazers,BLUE,M|L|XL,12.43
2093,Masculine,Sweaters and Sweatshirts,,M|L|XL|XXL,12.04
2094,Masculine,T-shirts and Polos,TURQUOISE,M|L|XL,9.41
2095,Masculine,Shirts,,M|L|XL|XXL,16.59
2096,Masculine,Pants and Jeans,,38|40|42|44|46|48,16.17
2097,Masculine,Suits,,M|L|XL|XXL,9.86
2098,Masculine,Sportswear,,M|L|XL|XXL,20.84
2099,Masculine,Blazers,,M|L|XL|XXL,10.17
2100,Masculine,Accessories,,,12.49
2101,Children,Baby (0-12 months),BEIGE,P|M|G,8.63
2102,Children,"Girl and Boy (1-5 years, 6-14 years)",MUSTARD,P|M|G|GG,23.43
2103,Children,Coats,GREEN,P|M|G,9.75
2104,Children,Sweaters,,P|M|G,16.52
2105,Children,Pajamas-2,,P|M|G,8.49
2106,Children,Accessories,,,12.43
2107,Feminine,Coats and Blazers,WHITE,S|M|L|XL,10.06
2108,Feminine,Sweaters and Knitwear,MUSTARD,S|M|L|XL,19.15
2109,Feminine,Dresses and Jumpsuits,NEUTRAL,S|M|L|XL,28.09
2110,Feminine,Shirts and Blouses,,S|M|L|XL,11.66
2111,Feminine,T-shirts and Tops,,S|M|L|XL,7.82
2112,Feminine,Pants and Jeans,,36|38|40|42|44|46,14.03
2113,Feminine,Skirts and Shorts,,S|M|L|XL,6.28
2114,Feminine,Suits and Sets,,S|M|L|XL,11.17
2115,Feminine,Sportswear,,S|M|L|XL,4.18
2116,Feminine,Pajamas,,S|M|L|XL,9.25
2117,Feminine,Accessories,,,3.55
2118,Masculine,Coats and Blazers,NEUTRAL,M|L|XL|XXL,33.95
2119,Masculine,Sweaters and Sweatshirts,YELLOW,M|L|XL|XXL,21.98
2120,Masculine,T-shirts and Polos,TURQUOISE,M|L|XL|XXL,7.06
2121,Masculine,Shirts,,M|L|XL,13.84
2122,Masculine,Pants and Jeans,,38|40|42|44|46|48,37.34
2123,Masculine,Suits,,M|L|XL,22.29
2124,Masculine,Sportswear,,M|L|XL|XXL,19.32
2125,Masculine,Blazers,,M|L|XL|XXL,16.34
2126,Masculine,Accessories,,,4.86
2127,Children,Baby (0-12 months),WHITE,P|M|G,16.57
2128,Children,"Girl and Boy (1-5 years, 6-14 years)",GREEN,P|M|G|GG,5.9
2129,Children,Coats,LILAC,P|M|G,15.98
2130,Children,Sweaters,,P|M|G,17.63
2131,Children,Pajamas-2,,P|M|G,4.88
2132,Children,Accessories,,,10.24
2133,Feminine,Coats and Blazers,TURQUOISE,S|M|L|XL,7.13
2134,Feminine,Sweaters and Knitwear,,S|M|L|XL,20.99
2135,Feminine,Dresses and Jumpsuits,BLUE,S|M|L|XL,11.36
2136,Feminine,Shirts and Blouses,,S|M|L|XL,7.63
2137,Feminine,T-shirts and Tops,,S|M|L,4.62
2138,Feminine,Pants and Jeans,,36|38|40|42|44|46,27.64
2139,Feminine,Skirts and Shorts,,S|M|L|XL,3.71
2140,Feminine,Suits and Sets,,S|M|L|XL,21.83
2141,Feminine,Sportswear,,S|M|L|XL,22.45
2142,Feminine,Pajamas,,S|M|L|XL,16.82
2143,Feminine,Accessories,,,7.78
2144,Masculine,Coats and Blazers,,M|L|XL|XXL,30.03
2145,Masculine,Sweaters and Sweatshirts,GREEN,M|L|XL|XXL,30.75
2146,Masculine,T-shirts and Polos,YELLOW,M|L|XL|XXL,11.52
2147,Masculine,Shirts,,M|L|XL|XXL,2.9
2148,Masculine,Pants and Jeans,,38|40|42|44|46,11.58
2149,Masculine,Suits,,M|L|XL,40.29
2150,Masculine,Sportswear,,M|L|XL|XXL,5.68
2151,Masculine,Blazers,,M|L|XL|XXL,11.47
2152,Masculine,Accessories,SILVER,,14.29
2153,Children,Baby (0-12 months),BLACK,P|M|G,4.85
2154,Children,"Girl and Boy (1-5 years, 6-14 years)",WHITE,P|M|G|GG,17.83
2155,Children,Coats,BEIGE,P|M|G,26.01
2156,Children,Sweaters,,P|M|G,11.45
2157,Children,Pajamas-2,,P|M|G,14.22
2158,Children,Accessories,,,4.75
2159,Feminine,Coats and Blazers,YELLOW,S|M|L|XL,13.25
2160,Feminine,Sweaters and Knitwear,YELLOW,S|M|L|XL,19.77
2161,Feminine,Dresses and Jumpsuits,BEIGE,S|M|L|XL,14.27
2162,Feminine,Shirts and Blouses,,S|M|L|XL,3.54
2163,Feminine,T-shirts and Tops,,S|M|L,8.45
2164,Feminine,Pants and Jeans,,36|38|40|42|44|46,19.17
2165,Feminine,Skirts and Shorts,,S|M|L|XL,11.87
2166,Feminine,Suits and Sets,,S|M|L|XL,9.34
2167,Feminine,Sportswear,,S|M|L|XL,20.92
2168,Feminine,Pajamas,,S|M|L|XL,3.47
2169,Feminine,Accessories,GOLD,,3.55
2170,Masculine,Coats and Blazers,BLUE,M|L|XL|XXL,4.48
2171,Masculine,Sweaters and Sweatshirts,RED,M|L|XL|XXL,9.22
2172,Masculine,T-shirts and Polos,,M|L|XL|XXL,12.55
2173,Masculine,Shirts,,M|L|XL|XXL,10.54
2174,Masculine,Pants and Jeans,,38|40|42|44|46|48,21.16
2175,Masculine,Suits,,M|L|XL|XXL,73.85
2176,Masculine,Sportswear,,M|L|XL|XXL,11.9
2177,Masculine,Blazers,,M|L|XL|XXL,6.68
2178,Masculine,Accessories,,,2.03
2179,Children,Baby (0-12 months),,P|M|G,5.52
2180,Children,"Girl and Boy (1-5 years, 6-14 years)",LILAC,P|M|G|GG,19.93
2181,Children,Coats,NEUTRAL,P|M|G,9.72
2182,Children,Sweaters,,P|M|G,8.7
2183,Children,Pajamas-2,,P|M|G,10.53
2184,Children,Accessories,,,2.64
2185,Feminine,Coats and Blazers,GREEN,S|M|L|XL,48.72
2186,Feminine,Sweaters and Knitwear,PINK,S|M|L|XL,30.75
2187,Feminine,Dresses and Jumpsuits,,S|M|L|XL,28.81
2188,Feminine,Shirts and Blouses,,S|M|L|XL,12.04
2189,Feminine,T-shirts and Tops,,S|M|L|XL,9.83
2190,Feminine,Pants and Jeans,,36|38|40|42|44|46,36.48
2191,Feminine,Skirts and Shorts,,S|M|L,3.78
2192,Feminine,Suits and Sets,,S|M|L|XL,64.48
2193,Feminine,Sportswear,,S|M|L|XL,15.92
2194,Feminine,Pajamas,,S|M|L|XL,15.94
2195,Feminine,Accessories,,,8.26
2196,Masculine,Coats and Blazers,BEIGE,M|L|XL,8.3
2197,Masculine,Sweaters and Sweatshirts,TURQUOISE,M|L|XL,13.51
2198,Masculine,T-shirts and Polos,BLACK,M|L|XL,18.85
2199,Masculine,Shirts,,M|L|XL|XXL,16.05
2200,Masculine,Pants and Jeans,,38|40|42|44|46|48,45.25
2201,Masculine,Suits,,M|L|XL|XXL,27.22
2202,Masculine,Sportswear,,M|L|XL|XXL,6.73
2203,Masculine,Blazers,,M|L|XL|XXL,6.33
2204,Masculine,Accessories,,,12.92
2205,Children,Baby (0-12 months),GREEN,P|M|G,7.66
2206,Children,"Girl and Boy (1-5 years, 6-14 years)",WHITE,P|M|G|GG,11.13
2207,Children,Coats,PINK,P|M|G,18.73
2208,Children,Sweaters,,P|M|G,8.93
2209,Children,Pajamas-2,,P|M|G,5.74
2210,Children,Accessories,,,4.4
2211,Feminine,Coats and Blazers,,S|M|L|XL,12.99
2212,Feminine,Sweaters and Knitwear,BEIGE,S|M|L|XL,20.41
2213,Feminine,Dresses and Jumpsuits,PINK,S|M|L|XL,8.87
2214,Feminine,Shirts and Blouses,,S|M|L|XL,5.65
2215,Feminine,T-shirts and Tops,,S|M|L|XL,9.28
2216,Feminine,Pants and Jeans,,36|38|40|42|44,34.52
2217,Feminine,Skirts and Shorts,,S|M|L|XL,7.47
2218,Feminine,Suits and Sets,,S|M|L|XL,31.21
2219,Feminine,Sportswear,,S|M|L|XL,23.94
2220,Feminine,Pajamas,,S|M|L,9.55
2221,Feminine,Accessories,,,10.23
2222,Masculine,Coats and Blazers,RED,M|L|XL|XXL,21.33
2223,Masculine,Sweaters and Sweatshirts,NEUTRAL,M|L|XL|XXL,26.74
2224,Masculine,T-shirts and Polos,GOLD,M|L|XL|XXL,20.17
2225,Masculine,Shirts,,M|L|XL|XXL,8.12
2226,Masculine,Pants and Jeans,,38|40|42|44|46|48,26.27
2227,Masculine,Suits,,M|L|XL|XXL,48.05
2228,Masculine,Sportswear,,M|L|XL|XXL,13.01
2229,Masculine,Blazers,,M|L|XL,5.16
2230,Masculine,Accessories,,,5.5
2231,Children,Baby (0-12 months),PINK,P|M|G,7.45
2232,Children,"Girl and Boy (1-5 years, 6-14 years)",YELLOW,P|M|G|GG,18.26
2233,Children,Coats,,P|M|G,19.83
2234,Children,Sweaters,,P|M|G,17.93
2235,Children,Pajamas-2,,P|M|G,12.83
2236,Children,Accessories,,,10.85
2237,Feminine,Coats and Blazers,YELLOW,S|M|L|XL,38.97
2238,Feminine,Sweaters and Knitwear,LILAC,S|M|L|XL,18
2239,Feminine,Dresses and Jumpsuits,WHITE,S|M|L|XL,11.89
2240,Feminine,Shirts and Blouses,,S|M|L|XL,14.09
2241,Feminine,T-shirts and Tops,,S|M|L,11.51
2242,Feminine,Pants and Jeans,,36|38|40|42|44|46,26.4
2243,Feminine,Skirts and Shorts,,S|M|L|XL,14.77
2244,Feminine,Suits and Sets,,S|M|L|XL,30.73
2245,Feminine,Sportswear,,S|M|L|XL,11.81
2246,Feminine,Pajamas,,S|M|L|XL,10.1
2247,Feminine,Accessories,,,5.57
2248,Masculine,Coats and Blazers,,M|L|XL|XXL,19.9
2249,Masculine,Sweaters and Sweatshirts,GREEN,M|L|XL,21.15
2250,Masculine,T-shirts and Polos,BEIGE,M|L|XL,14.76
2251,Masculine,Shirts,,M|L|XL|XXL,12.08
2252,Masculine,Pants and Jeans,,38|40|42|44|46|48,29.17
2253,Masculine,Suits,,M|L|XL|XXL,24.25
2254,Masculine,Sportswear,,M|L|XL|XXL,22.14
2255,Masculine,Blazers,,M|L|XL|XXL,14.57
2256,Masculine,Accessories,,,3.47
2257,Children,Baby (0-12 months),,P|M|G,8.73
2258,Children,"Girl and Boy (1-5 years, 6-14 years)",RED,P|M|G|GG,6.44
2259,Children,Coats,LILAC,P|M|G,21.01
2260,Children,Sweaters,,P|M|G,6.33
2261,Children,Pajamas-2,,P|M|G,11.81
2262,Children,Accessories,,,1.34
2263,Feminine,Coats and Blazers,BLUE,S|M|L|XL,27.1
2264,Feminine,Sweaters and Knitwear,RED,S|M|L|XL,12.34
2265,Feminine,Dresses and Jumpsuits,LILAC,S|M|L,24.78
2266,Feminine,Shirts and Blouses,,S|M|L|XL,14.8
2267,Feminine,T-shirts and Tops,,S|M|L,2.2
2268,Feminine,Pants and Jeans,,36|38|40|42|44,36.64
2269,Feminine,Skirts and Shorts,,S|M|L|XL,6.29
2270,Feminine,Suits and Sets,,S|M|L|XL,60.48
2271,Feminine,Sportswear,,S|M|L|XL,18.36
2272,Feminine,Pajamas,,S|M|L|XL,10.83
2273,Feminine,Accessories,,,9.65
2274,Masculine,Coats and Blazers,,M|L|XL|XXL,10.77
2275,Masculine,Sweaters and Sweatshirts,BLACK,M|L|XL|XXL,4.94
2276,Masculine,T-shirts and Polos,NEUTRAL,M|L|XL|XXL,17.3
2277,Masculine,Shirts,,M|L|XL|XXL,12.79
2278,Masculine,Pants and Jeans,,38|40|42|44|46|48,16.93
2279,Masculine,Suits,,M|L|XL|XXL,42.38
2280,Masculine,Sportswear,,M|L|XL|XXL,4.78
2281,Masculine,Blazers,,M|L|XL|XXL,8.16
2282,Masculine,Accessories,GOLD,,9.5
2283,Children,Baby (0-12 months),,P|M|G,6.78
2284,Children,"Girl and Boy (1-5 years, 6-14 years)",,P|M|G|GG,8.49
2285,Children,Coats,SILVER,P|M|G,25.85
2286,Children,Sweaters,,P|M|G,26.81
2287,Children,Pajamas-2,,P|M|G,5.79
2288,Children,Accessories,,,7.4
2289,Feminine,Coats and Blazers,,S|M|L|XL,14.5
2290,Feminine,Sweaters and Knitwear,TURQUOISE,S|M|L|XL,22.89
2291,Feminine,Dresses and Jumpsuits,BLUE,S|M|L|XL,7.4
2292,Feminine,Shirts and Blouses,,S|M|L|XL,3.85
2293,Feminine,T-shirts and Tops,,S|M|L|XL,2.89
2294,Feminine,Pants and Jeans,,36|38|40|42|44|46,9.84
2295,Feminine,Skirts and Shorts,,S|M|L|XL,15.73
2296,Feminine,Suits and Sets,,S|M|L|XL,9.61
2297,Feminine,Sportswear,,S|M|L|XL,11.24
2298,Feminine,Pajamas,,S|M|L|XL,18.36
2299,Feminine,Accessories,,,3.93
2300,Masculine,Coats and Blazers,TURQUOISE,M|L|XL|XXL,32.67
2301,Masculine,Sweaters and Sweatshirts,WHITE,M|L|XL|XXL,27.73
2302,Masculine,T-shirts and Polos,MUSTARD,M|L|XL|XXL,9.98
2303,Masculine,Shirts,,M|L|XL|XXL,2.92
2304,Masculine,Pants and Jeans,BLUE,38|40|42|44|46|48,14.1
2305,Masculine,Suits,,M|L|XL|XXL,48.04
2306,Masculine,Sportswear,,M|L|XL|XXL,14.03
2307,Masculine,Blazers,,M|L|XL|XXL,8.72
2308,Masculine,Accessories,,,8.45
2309,Children,Baby (0-12 months),BLACK,P|M|G,2.73
2310,Children,"Girl and Boy (1-5 years, 6-14 years)",BURGUNDY,P|M|G|GG,5.91
2311,Children,Coats,BEIGE,P|M|G,7.14
2312,Children,Sweaters,,P|M|G,14.43
2313,Children,Pajamas-2,,P|M|G,8.02
2314,Children,Accessories,,,3.7
2315,Feminine,Coats and Blazers,BLACK,S|M|L|XL,21.28
2316,Feminine,Sweaters and Knitwear,TURQUOISE,S|M|L|XL,22.32
2317,Feminine,Dresses and Jumpsuits,BEIGE,S|M|L|XL,36.01
2318,Feminine,Shirts and Blouses,,S|M|L|XL,5.15
2319,Feminine,T-shirts and Tops,,S|M|L|XL,6.55
2320,Feminine,Pants and Jeans,,36|38|40|42|44|46,15.4
2321,Feminine,Skirts and Shorts,,S|M|L,8.25
2322,Feminine,Suits and Sets,,S|M|L|XL,38.82
2323,Feminine,Sportswear,,S|M|L|XL,10.68
2324,Feminine,Pajamas,,S|M|L|XL,4.32
2325,Feminine,Accessories,,,8.48
2326,Masculine,Coats and Blazers,BLUE,M|L|XL|XXL,15.24
2327,Masculine,Sweaters and Sweatshirts,GREEN,M|L|XL|XXL,18.43
2328,Masculine,T-shirts and Polos,RED,M|L|XL|XXL,10.83
2329,Masculine,Shirts,,M|L|XL|XXL,5.18
2330,Masculine,Pants and Jeans,,38|40|42|44|46,22.39
2331,Masculine,Suits,,M|L|XL|XXL,29.36
2332,Masculine,Sportswear,,M|L|XL|XXL,6.19
2333,Masculine,Blazers,,M|L|XL|XXL,7.76
2334,Masculine,Accessories,,,4.78
2335,Children,Baby (0-12 months),YELLOW,P|M|G,10.68
2336,Children,"Girl and Boy (1-5 years, 6-14 years)",BLACK,P|M|G|GG,15.62
2337,Children,Coats,SILVER,P|M|G,9.28
2338,Children,Sweaters,,P|M|G,15.96
2339,Children,Pajamas-2,,P|M|G,14.67
2340,Children,Accessories,,,5.02
2341,Feminine,Coats and Blazers,WHITE,S|M|L|XL,27.47
2342,Feminine,Sweaters and Knitwear,WHITE,S|M|L|XL,22.55
2343,Feminine,Dresses and Jumpsuits,BLACK,S|M|L|XL,16.65
2344,Feminine,Shirts and Blouses,,S|M|L|XL,10.19
2345,Feminine,T-shirts and Tops,,S|M|L|XL,5.73
2346,Feminine,Pants and Jeans,,36|38|40|42|44|46,56.13
2347,Feminine,Skirts and Shorts,,S|M|L|XL,6.62
2348,Feminine,Suits and Sets,,S|M|L,51.19
2349,Feminine,Sportswear,,S|M|L|XL,16.7
2350,Feminine,Pajamas,,S|M|L|XL,17.39
2351,Feminine,Accessories,,,2.77
2352,Masculine,Coats and Blazers,NEUTRAL,M|L|XL|XXL,5.44
2353,Masculine,Sweaters and Sweatshirts,,M|L|XL,21.85
2354,Masculine,T-shirts and Polos,BEIGE,M|L|XL|XXL,8.03
2355,Masculine,Shirts,,M|L|XL|XXL,21.45
2356,Masculine,Pants and Jeans,,38|40|42|44|46|48,24.16
2357,Masculine,Suits,,M|L|XL|XXL,36.18
2358,Masculine,Sportswear,,M|L|XL|XXL,8.72
2359,Masculine,Blazers,,M|L|XL|XXL,20.8
2360,Masculine,Accessories,,,2.42
2361,Children,Baby (0-12 months),LILAC,P|M|G,14.18
2362,Children,"Girl and Boy (1-5 years, 6-14 years)",YELLOW,P|M|G|GG,20.1
2363,Children,Coats,GREEN,P|M|G,29.2
2364,Children,Sweaters,,P|M|G,23.56
2365,Children,Pajamas-2,,P|M|G,6.57
2366,Children,Accessories,,,2.53
2367,Feminine,Coats and Blazers,WHITE,S|M|L|XL,45.61
2368,Feminine,Sweaters and Knitwear,MUSTARD,S|M|L|XL,27.31
2369,Feminine,Dresses and Jumpsuits,PINK,S|M|L|XL,20.01
2370,Feminine,Shirts and Blouses,,S|M|L|XL,7.35
2371,Feminine,T-shirts and Tops,,S|M|L|XL,4.47
2372,Feminine,Pants and Jeans,,36|38|40|42|44|46,16.52
2373,Feminine,Skirts and Shorts,,S|M|L|XL,21.42
2374,Feminine,Suits and Sets,,S|M|L|XL,48.8
2375,Feminine,Sportswear,,S|M|L|XL,9.12
2376,Feminine,Pajamas,,S|M|L|XL,14.5
2377,Feminine,Accessories,,,2.73
2378,Masculine,Coats and Blazers,BLUE,M|L|XL,12.65
2379,Masculine,Sweaters and Sweatshirts,,M|L|XL|XXL,8.07
2380,Masculine,T-shirts and Polos,GREEN,M|L|XL|XXL,6.53
2381,Masculine,Shirts,,M|L|XL|XXL,15.92
2382,Masculine,Pants and Jeans,,38|40|42|44|46|48,16.07
2383,Masculine,Suits,,M|L|XL|XXL,52.98
2384,Masculine,Sportswear,,M|L|XL|XXL,32.02
2385,Masculine,Blazers,,M|L|XL|XXL,8.19
2386,Masculine,Accessories,,,7.69
2387,Children,Baby (0-12 months),TURQUOISE,P|M|G,8.72
2388,Children,"Girl and Boy (1-5 years, 6-14 years)",SILVER,P|M|G|GG,4.15
2389,Children,Coats,BLUE,P|M|G,13.11
2390,Children,Sweaters,,P|M|G,25.66
2391,Children,Pajamas-2,,P|M|G,10.42
2392,Children,Accessories,,,12.75
2393,Feminine,Coats and Blazers,BURGUNDY,S|M|L|XL,21.7
2394,Feminine,Sweaters and Knitwear,YELLOW,S|M|L|XL,19.43
2395,Feminine,Dresses and Jumpsuits,,S|M|L|XL,10.54
2396,Feminine,Shirts and Blouses,,S|M|L|XL,15.36
2397,Feminine,T-shirts and Tops,,S|M|L|XL,16.03
2398,Feminine,Pants and Jeans,,36|38|40|42|44|46,24.26
2399,Feminine,Skirts and Shorts,,S|M|L|XL,8.29
2400,Feminine,Suits and Sets,,S|M|L|XL,21.9
2401,Feminine,Sportswear,,S|M|L|XL,24.97
2402,Feminine,Pajamas,,S|M|L|XL,3.22
2403,Feminine,Accessories,,,1.2
2404,Masculine,Coats and Blazers,WHITE,M|L|XL|XXL,43.75
2405,Masculine,Sweaters and Sweatshirts,PINK,M|L|XL|XXL,12.3
2406,Masculine,T-shirts and Polos,,M|L|XL|XXL,8.57
2407,Masculine,Shirts,,M|L|XL|XXL,8.07
2408,Masculine,Pants and Jeans,,38|40|42|44|46|48,44.2
2409,Masculine,Suits,,M|L|XL|XXL,41.7
2410,Masculine,Sportswear,,M|L|XL|XXL,25.54
2411,Masculine,Blazers,,M|L|XL|XXL,6.18
2412,Masculine,Accessories,,,2.81
2413,Children,Baby (0-12 months),WHITE,P|M|G,3.05
2414,Children,"Girl and Boy (1-5 years, 6-14 years)",PINK,P|M|G|GG,4.31
2415,Children,Coats,RED,P|M|G,15.67
2416,Children,Sweaters,,P|M|G,15.05
2417,Children,Pajamas-2,,P|M|G,11.33
2418,Children,Accessories,,,6.54
2419,Feminine,Coats and Blazers,TURQUOISE,S|M|L,18.48
2420,Feminine,Sweaters and Knitwear,RED,S|M|L|XL,26.45
2421,Feminine,Dresses and Jumpsuits,RED,S|M|L|XL,13.78
2422,Feminine,Shirts and Blouses,,S|M|L|XL,5.53
2423,Feminine,T-shirts and Tops,,S|M|L,10.35
2424,Feminine,Pants and Jeans,,36|38|40|42|44|46,46.5
2425,Feminine,Skirts and Shorts,,S|M|L|XL,8.73
2426,Feminine,Suits and Sets,,S|M|L|XL,10.49
2427,Feminine,Sportswear,,S|M|L|XL,19.46
2428,Feminine,Pajamas,,S|M|L|XL,19.15
2429,Feminine,Accessories,,,3.52
2430,Masculine,Coats and Blazers,WHITE,M|L|XL|XXL,25.05
2431,Masculine,Sweaters and Sweatshirts,,M|L|XL|XXL,18.22
2432,Masculine,T-shirts and Polos,NEUTRAL,M|L|XL|XXL,18.22
2433,Masculine,Shirts,,M|L|XL,16.09
2434,Masculine,Pants and Jeans,,38|40|42|44|46|48,11.08
2435,Masculine,Suits,,M|L|XL|XXL,38.63
2436,Masculine,Sportswear,,M|L|XL,25.9
2437,Masculine,Blazers,,M|L|XL|XXL,3.93
2438,Masculine,Accessories,,,3.65
2439,Children,Baby (0-12 months),BLACK,P|M|G,9.21
2440,Children,"Girl and Boy (1-5 years, 6-14 years)",MUSTARD,P|M|G|GG,25.17
2441,Children,Coats,GOLD,P|M|G,32.16
2442,Children,Sweaters,,P|M|G,11.83
2443,Children,Pajamas-2,,P|M|G,6.01
2444,Children,Accessories,,,2.55
2445,Feminine,Coats and Blazers,TURQUOISE,S|M|L|XL,45.24
2446,Feminine,Sweaters and Knitwear,LILAC,S|M|L|XL,18.39
2447,Feminine,Dresses and Jumpsuits,,S|M|L|XL,24.13
2448,Feminine,Shirts and Blouses,,S|M|L|XL,20.75
2449,Feminine,T-shirts and Tops,,S|M|L|XL,19.24
2450,Feminine,Pants and Jeans,,36|38|40|42|44|46,12.74
2451,Feminine,Skirts and Shorts,,S|M|L|XL,9.51
2452,Feminine,Suits and Sets,,S|M|L|XL,40.05
2453,Feminine,Sportswear,,S|M|L|XL,15.81
2454,Feminine,Pajamas,,S|M|L,6.97
2455,Feminine,Accessories,,,7.51
2456,Masculine,Coats and Blazers,BLACK,M|L|XL|XXL,41.19
2457,Masculine,Sweaters and Sweatshirts,WHITE,M|L|XL|XXL,18.57
2458,Masculine,T-shirts and Polos,PINK,M|L|XL|XXL,12.52
2459,Masculine,Shirts,,M|L|XL|XXL,10.04
2460,Masculine,Pants and Jeans,,38|40|42|44|46,30.61
2461,Masculine,Suits,,M|L|XL,71.59
2462,Masculine,Sportswear,,M|L|XL,7.79
2463,Masculine,Blazers,,M|L|XL|XXL,11.27
2464,Masculine,Accessories,,,3.62
2465,Children,Baby (0-12 months),GREEN,P|M|G,21.39
2466,Children,"Girl and Boy (1-5 years, 6-14 years)",BURGUNDY,P|M|G|GG,6.62
2467,Children,Coats,,P|M|G,15.94
2468,Children,Sweaters,,P|M|G,9.28
2469,Children,Pajamas-2,,P|M|G,11.24
2470,Children,Accessories,,,5.43
2471,Feminine,Coats and Blazers,,S|M|L,16.13
2472,Feminine,Sweaters and Knitwear,,S|M|L|XL,16.89
2473,Feminine,Dresses and Jumpsuits,WHITE,S|M|L|XL,25.85
2474,Feminine,Shirts and Blouses,,S|M|L|XL,15.53
2475,Feminine,T-shirts and Tops,,S|M|L|XL,6.48
2476,Feminine,Pants and Jeans,,36|38|40|42|44|46,12.2
2477,Feminine,Skirts and Shorts,,S|M|L|XL,19.47
2478,Feminine,Suits and Sets,,S|M|L|XL,23.18
2479,Feminine,Sportswear,,S|M|L,18.8
2480,Feminine,Pajamas,,S|M|L|XL,12.42
2481,Feminine,Accessories,,,4.82
2482,Masculine,Coats and Blazers,,M|L|XL|XXL,25.85
2483,Masculine,Sweaters and Sweatshirts,,M|L|XL|XXL,6.9
2484,Masculine,T-shirts and Polos,GREEN,M|L|XL|XXL,6.35
2485,Masculine,Shirts,,M|L|XL|XXL,18.13
2486,Masculine,Pants and Jeans,,38|40|42|44|46|48,13.19
2487,Masculine,Suits,,M|L|XL|XXL,27.33
2488,Masculine,Sportswear,,M|L|XL|XXL,27.73
2489,Masculine,Blazers,,M|L|XL|XXL,17.21
2490,Masculine,Accessories,,,3.24
2491,Children,Baby (0-12 months),,P|M|G,6.3
2492,Children,"Girl and Boy (1-5 years, 6-14 years)",TURQUOISE,P|M|G|GG,6.01
2493,Children,Coats,MUSTARD,P|M|G,22.16
2494,Children,Sweaters,,P|M|G,12
2495,Children,Pajamas-2,,P|M|G,15.95
2496,Children,Accessories,,,7.89
2497,Feminine,Coats and Blazers,YELLOW,S|M|L|XL,13.94
2498,Feminine,Sweaters and Knitwear,SILVER,S|M|L|XL,27.07
2499,Feminine,Dresses and Jumpsuits,TURQUOISE,S|M|L,10.28
2500,Feminine,Shirts and Blouses,,S|M|L|XL,17.14
2501,Feminine,T-shirts and Tops,,S|M|L|XL,9.59
2502,Feminine,Pants and Jeans,,36|38|40|42|44|46,11.25
2503,Feminine,Skirts and Shorts,,S|M|L|XL,16.35
2504,Feminine,Suits and Sets,,S|M|L|XL,57.15
2505,Feminine,Sportswear,,S|M|L|XL,5.34
2506,Feminine,Pajamas,,S|M|L|XL,22
2507,Feminine,Accessories,,,6.26
2508,Masculine,Coats and Blazers,RED,M|L|XL,23.9
2509,Masculine,Sweaters and Sweatshirts,BLACK,M|L|XL|XXL,24.45
2510,Masculine,T-shirts and Polos,GOLD,M|L|XL|XXL,10.53
2511,Masculine,Shirts,,M|L|XL|XXL,12.17
2512,Masculine,Pants and Jeans,BLACK,38|40|42|44|46|48,42.81
2513,Masculine,Suits,,M|L|XL|XXL,22.92
2514,Masculine,Sportswear,,M|L|XL|XXL,21.29
2515,Masculine,Blazers,,M|L|XL|XXL,12.58
2516,Masculine,Accessories,,,4.85
2517,Children,Baby (0-12 months),BEIGE,P|M|G,8.65
2518,Children,"Girl and Boy (1-5 years, 6-14 years)",,P|M|G|GG,13.3
2519,Children,Coats,GREEN,P|M|G,13.86
2520,Children,Sweaters,,P|M|G,9.7
2521,Children,Pajamas-2,,P|M|G,8.37
2522,Children,Accessories,,,2.34
2523,Feminine,Coats and Blazers,YELLOW,S|M|L|XL,14.81
2524,Feminine,Sweaters and Knitwear,WHITE,S|M|L|XL,25.69
2525,Feminine,Dresses and Jumpsuits,BURGUNDY,S|M|L|XL,21.33
2526,Feminine,Shirts and Blouses,,S|M|L|XL,10.83
2527,Feminine,T-shirts and Tops,,S|M|L|XL,5.06
2528,Feminine,Pants and Jeans,,36|38|40|42|44|46,17.31
2529,Feminine,Skirts and Shorts,,S|M|L|XL,15.09
2530,Feminine,Suits and Sets,,S|M|L,36.37
2531,Feminine,Sportswear,,S|M|L|XL,12.96
2532,Feminine,Pajamas,,S|M|L|XL,4.27
2533,Feminine,Accessories,,,14.81
2534,Masculine,Coats and Blazers,MUSTARD,M|L|XL|XXL,33.24
2535,Masculine,Sweaters and Sweatshirts,RED,M|L|XL,27.51
2536,Masculine,T-shirts and Polos,NEUTRAL,M|L|XL|XXL,15.38
2537,Masculine,Shirts,,M|L|XL|XXL,6.19
2538,Masculine,Pants and Jeans,,38|40|42|44|46|48,29.67
2539,Masculine,Suits,,M|L|XL|XXL,35.76
2540,Masculine,Sportswear,,M|L|XL|XXL,16.09
2541,Masculine,Blazers,,M|L|XL|XXL,20.6
2542,Masculine,Accessories,SILVER,,1.69
2543,Children,Baby (0-12 months),BURGUNDY,P|M|G,11.1
2544,Children,"Girl and Boy (1-5 years, 6-14 years)",YELLOW,P|M|G|GG,6.48
2545,Children,Coats,BLUE,P|M|G,32.72
2546,Children,Sweaters,,P|M|G,20.71
2547,Children,Pajamas-2,,P|M|G,13.8
2548,Children,Accessories,,,9.4
2549,Feminine,Coats and Blazers,YELLOW,S|M|L|XL,16.3
2550,Feminine,Sweaters and Knitwear,TURQUOISE,S|M|L|XL,9
2551,Feminine,Dresses and Jumpsuits,BURGUNDY,S|M|L|XL,34.71
2552,Feminine,Shirts and Blouses,,S|M|L|XL,6.1
2553,Feminine,T-shirts and Tops,,S|M|L|XL,3.16
2554,Feminine,Pants and Jeans,,36|38|40|42|44|46,26.9
2555,Feminine,Skirts and Shorts,,S|M|L|XL,10.97
2556,Feminine,Suits and Sets,,S|M|L,33.75
2557,Feminine,Sportswear,,S|M|L|XL,24.56
2558,Feminine,Pajamas,,S|M|L|XL,7.48
2559,Feminine,Accessories,,,1.41
2560,Masculine,Coats and Blazers,BEIGE,M|L|XL|XXL,14.42
2561,Masculine,Sweaters and Sweatshirts,,M|L|XL,11.02
2562,Masculine,T-shirts and Polos,BLACK,M|L|XL|XXL,24.52
2563,Masculine,Shirts,,M|L|XL|XXL,9.12
2564,Masculine,Pants and Jeans,,38|40|42|44|46|48,20.37
2565,Masculine,Suits,,M|L|XL|XXL,62.53
2566,Masculine,Sportswear,,M|L|XL|XXL,27.09
2567,Masculine,Blazers,,M|L|XL|XXL,16.55
2568,Masculine,Accessories,,,0.82
2569,Children,Baby (0-12 months),,P|M|G,18.74
2570,Children,"Girl and Boy (1-5 years, 6-14 years)",,P|M|G|GG,16.99
2571,Children,Coats,MUSTARD,P|M|G,36.48
2572,Children,Sweaters,,P|M|G,22.02
2573,Children,Pajamas-2,,P|M|G,12.58
2574,Children,Accessories,,,3.22
2575,Feminine,Coats and Blazers,,S|M|L|XL,32.27
2576,Feminine,Sweaters and Knitwear,GREEN,S|M|L,18.3
2577,Feminine,Dresses and Jumpsuits,,S|M|L|XL,14.54
2578,Feminine,Shirts and Blouses,,S|M|L|XL,10.86
2579,Feminine,T-shirts and Tops,,S|M|L|XL,17.31
2580,Feminine,Pants and Jeans,,36|38|40|42|44|46,26.47
2581,Feminine,Skirts and Shorts,,S|M|L|XL,5.92
2582,Feminine,Suits and Sets,,S|M|L|XL,61.26
2583,Feminine,Sportswear,,S|M|L|XL,17.94
2584,Feminine,Pajamas,,S|M|L|XL,19.69
2585,Feminine,Accessories,,,3.65
2586,Masculine,Coats and Blazers,BEIGE,M|L|XL|XXL,21.16
2587,Masculine,Sweaters and Sweatshirts,TURQUOISE,M|L|XL,27.95
2588,Masculine,T-shirts and Polos,MUSTARD,M|L|XL|XXL,12.29
2589,Masculine,Shirts,,M|L|XL|XXL,16.43
2590,Masculine,Pants and Jeans,,38|40|42|44|46|48,24.02
2591,Masculine,Suits,,M|L|XL|XXL,72.23
2592,Masculine,Sportswear,,M|L|XL|XXL,19.13
2593,Masculine,Blazers,,M|L|XL|XXL,7.43
2594,Masculine,Accessories,,,2.57
2595,Children,Baby (0-12 months),,P|M|G,3.49
2596,Children,"Girl and Boy (1-5 years, 6-14 years)",PINK,P|M|G|GG,8.19
2597,Children,Coats,PINK,P|M|G,25.11
2598,Children,Sweaters,,P|M|G,15.7
2599,Children,Pajamas-2,,P|M|G,21.21
2600,Children,Accessories,,,7.5
2601,Feminine,Coats and Blazers,BLACK,S|M|L|XL,16.85
2602,Feminine,Sweaters and Knitwear,MUSTARD,S|M|L,5.51
2603,Feminine,Dresses and Jumpsuits,GREEN,S|M|L|XL,25.99
2604,Feminine,Shirts and Blouses,,S|M|L|XL,25.76
2605,Feminine,T-shirts and Tops,,S|M|L|XL,5.95
2606,Feminine,Pants and Jeans,,36|38|40|42|44|46,38.64
2607,Feminine,Skirts and Shorts,,S|M|L|XL,10.3
2608,Feminine,Suits and Sets,,S|M|L|XL,29.57
2609,Feminine,Sportswear,,S|M|L|XL,16.18
2610,Feminine,Pajamas,,S|M|L|XL,6.43
2611,Feminine,Accessories,,,14.58
2612,Masculine,Coats and Blazers,BLUE,M|L|XL|XXL,12.84
2613,Masculine,Sweaters and Sweatshirts,BLACK,M|L|XL|XXL,13.74
2614,Masculine,T-shirts and Polos,YELLOW,M|L|XL|XXL,23.42
2615,Masculine,Shirts,,M|L|XL|XXL,12.8
2616,Masculine,Pants and Jeans,,38|40|42|44|46|48,24.15
2617,Masculine,Suits,,M|L|XL|XXL,35.4
2618,Masculine,Sportswear,,M|L|XL|XXL,24.6
2619,Masculine,Blazers,,M|L|XL|XXL,12.14
2620,Masculine,Accessories,,,2.03
2621,Children,Baby (0-12 months),PINK,P|M|G,6.2
2622,Children,"Girl and Boy (1-5 years, 6-14 years)",TURQUOISE,P|M|G|GG,21.67
2623,Children,Coats,BLACK,P|M|G,22.36
2624,Children,Sweaters,,P|M|G,11.38
2625,Children,Pajamas-2,,P|M|G,11.19
2626,Children,Accessories,,,6.58
2627,Feminine,Coats and Blazers,,S|M|L|XL,18.68
2628,Feminine,Sweaters and Knitwear,YELLOW,S|M|L|XL,16.12
2629,Feminine,Dresses and Jumpsuits,BLACK,S|M|L,10.68
2630,Feminine,Shirts and Blouses,,S|M|L|XL,4.13
2631,Feminine,T-shirts and Tops,,S|M|L|XL,17.96
2632,Feminine,Pants and Jeans,,36|38|40|42|44|46,10.65
2633,Feminine,Skirts and Shorts,,S|M|L|XL,20.12
2634,Feminine,Suits and Sets,,S|M|L|XL,33.3
2635,Feminine,Sportswear,,S|M|L|XL,9.13
2636,Feminine,Pajamas,,S|M|L|XL,17.48
2637,Feminine,Accessories,,,3.01
2638,Masculine,Coats and Blazers,YELLOW,M|L|XL|XXL,36.85
2639,Masculine,Sweaters and Sweatshirts,WHITE,M|L|XL|XXL,22.61
2640,Masculine,T-shirts and Polos,BEIGE,M|L|XL|XXL,6.68
2641,Masculine,Shirts,,M|L|XL,13.4
2642,Masculine,Pants and Jeans,,38|40|42|44|46|48,11.05
2643,Masculine,Suits,,M|L|XL|XXL,43.87
2644,Masculine,Sportswear,,M|L|XL|XXL,14.92
2645,Masculine,Blazers,,M|L|XL|XXL,15.66
2646,Masculine,Accessories,,,12.18
2647,Children,Baby (0-12 months),MUSTARD,P|M|G,6.9
2648,Children,"Girl and Boy (1-5 years, 6-14 years)",BLACK,P|M|G|GG,12.85
2649,Children,Coats,NEUTRAL,P|M|G,25.95
2650,Children,Sweaters,,P|M|G,22.03
2651,Children,Pajamas-2,,P|M|G,10.35
2652,Children,Accessories,,,7.4
2653,Feminine,Coats and Blazers,NEUTRAL,S|M|L|XL,19.26
2654,Feminine,Sweaters and Knitwear,BLACK,S|M|L|XL,20.21
2655,Feminine,Dresses and Jumpsuits,YELLOW,S|M|L|XL,16.57
2656,Feminine,Shirts and Blouses,,S|M|L|XL,15.04
2657,Feminine,T-shirts and Tops,,S|M|L|XL,8.97
2658,Feminine,Pants and Jeans,,36|38|40|42|44|46,15.07
2659,Feminine,Skirts and Shorts,,S|M|L|XL,13.78
2660,Feminine,Suits and Sets,,S|M|L|XL,43.48
2661,Feminine,Sportswear,,S|M|L|XL,13.68
2662,Feminine,Pajamas,,S|M|L|XL,10.53
2663,Feminine,Accessories,GOLD,,4.97
2664,Masculine,Coats and Blazers,,M|L|XL|XXL,42.45
2665,Masculine,Sweaters and Sweatshirts,TURQUOISE,M|L|XL|XXL,14.55
2666,Masculine,T-shirts and Polos,,M|L|XL|XXL,8.98
2667,Masculine,Shirts,,M|L|XL|XXL,7.53
2668,Masculine,Pants and Jeans,BLUE,38|40|42|44|46,44.88
2669,Masculine,Suits,,M|L|XL|XXL,53.72
2670,Masculine,Sportswear,,M|L|XL|XXL,7.53
2671,Masculine,Blazers,,M|L|XL|XXL,11.08
2672,Masculine,Accessories,,,2.95
2673,Children,Baby (0-12 months),RED,P|M|G,13.76
2674,Children,"Girl and Boy (1-5 years, 6-14 years)",RED,P|M|G|GG,8.85
2675,Children,Coats,LILAC,P|M|G,7.46
2676,Children,Sweaters,,P|M|G,15.53
2677,Children,Pajamas-2,,P|M|G,10.92
2678,Children,Accessories,,,3.99
2679,Feminine,Coats and Blazers,MUSTARD,S|M|L|XL,48
2680,Feminine,Sweaters and Knitwear,BLUE,S|M|L|XL,27.17
2681,Feminine,Dresses and Jumpsuits,YELLOW,S|M|L|XL,22.05
2682,Feminine,Shirts and Blouses,,S|M|L,14.59
2683,Feminine,T-shirts and Tops,,S|M|L|XL,6.81
2684,Feminine,Pants and Jeans,,36|38|40|42|44|46,23.85
2685,Feminine,Skirts and Shorts,,S|M|L,14.85
2686,Feminine,Suits and Sets,,S|M|L|XL,55.31
2687,Feminine,Sportswear,,S|M|L,16.82
2688,Feminine,Pajamas,,S|M|L|XL,10.77
2689,Feminine,Accessories,,,3.84
2690,Masculine,Coats and Blazers,YELLOW,M|L|XL|XXL,34.08
2691,Masculine,Sweaters and Sweatshirts,SILVER,M|L|XL|XXL,26.49
2692,Masculine,T-shirts and Polos,NEUTRAL,M|L|XL|XXL,13.04
2693,Masculine,Shirts,,M|L|XL|XXL,3.89
2694,Masculine,Pants and Jeans,,38|40|42|44|46|48,34.02
2695,Masculine,Suits,,M|L|XL,29.58
2696,Masculine,Sportswear,,M|L|XL|XXL,12.63
2697,Masculine,Blazers,,M|L|XL|XXL,12.29
2698,Masculine,Accessories,,,16.14
2699,Children,Baby (0-12 months),BLUE,P|M|G,6.3
2700,Children,"Girl and Boy (1-5 years, 6-14 years)",MUSTARD,P|M|G|GG,17.14
2701,Children,Coats,WHITE,P|M|G,26.68
2702,Children,Sweaters,,P|M|G,15.62
2703,Children,Pajamas-2,,P|M|G,3.34
2704,Children,Accessories,,,5.9
2705,Feminine,Coats and Blazers,PINK,S|M|L,45.68
2706,Feminine,Sweaters and Knitwear,GREEN,S|M|L|XL,17.49
2707,Feminine,Dresses and Jumpsuits,,S|M|L|XL,8.09
2708,Feminine,Shirts and Blouses,,S|M|L|XL,18.77
2709,Feminine,T-shirts and Tops,,S|M|L,5.95
2710,Feminine,Pants and Jeans,,36|38|40|42|44|46,25.44
2711,Feminine,Skirts and Shorts,,S|M|L|XL,11.5
2712,Feminine,Suits and Sets,,S|M|L|XL,34.32
2713,Feminine,Sportswear,,S|M|L|XL,23.1
2714,Feminine,Pajamas,,S|M|L|XL,8.33
2715,Feminine,Accessories,,,2.1
2716,Masculine,Coats and Blazers,PINK,M|L|XL|XXL,34.52
2717,Masculine,Sweaters and Sweatshirts,YELLOW,M|L|XL|XXL,25.02
2718,Masculine,T-shirts and Polos,PINK,M|L|XL|XXL,28.34
2719,Masculine,Shirts,,M|L|XL|XXL,16.45
2720,Masculine,Pants and Jeans,,38|40|42|44|46|48,9.78
2721,Masculine,Suits,,M|L|XL|XXL,56.15
2722,Masculine,Sportswear,,M|L|XL|XXL,10.18
2723,Masculine,Blazers,,M|L|XL|XXL,19.03
2724,Masculine,Accessories,,,3.25
2725,Children,Baby (0-12 months),LILAC,P|M|G,16.81
2726,Children,"Girl and Boy (1-5 years, 6-14 years)",BLUE,P|M|G|GG,17.75
2727,Children,Coats,SILVER,P|M|G,34.88
2728,Children,Sweaters,,P|M|G,23.96
2729,Children,Pajamas-2,,P|M|G,20.56
2730,Children,Accessories,,,3.6
2731,Feminine,Coats and Blazers,SILVER,S|M|L|XL,16.54
2732,Feminine,Sweaters and Knitwear,BEIGE,S|M|L|XL,17.88
2733,Feminine,Dresses and Jumpsuits,YELLOW,S|M|L|XL,9.82
2734,Feminine,Shirts and Blouses,,S|M|L,24.07
2735,Feminine,T-shirts and Tops,,S|M|L|XL,7.83
2736,Feminine,Pants and Jeans,,36|38|40|42|44|46,15.02
2737,Feminine,Skirts and Shorts,,S|M|L|XL,11.34
2738,Feminine,Suits and Sets,,S|M|L,22.63
2739,Feminine,Sportswear,,S|M|L,19.92
2740,Feminine,Pajamas,,S|M|L|XL,7.73
2741,Feminine,Accessories,,,10.39
2742,Masculine,Coats and Blazers,GOLD,M|L|XL|XXL,39.83
2743,Masculine,Sweaters and Sweatshirts,YELLOW,M|L|XL|XXL,16.65
2744,Masculine,T-shirts and Polos,RED,M|L|XL|XXL,17.71
2745,Masculine,Shirts,,M|L|XL|XXL,4.37
2746,Masculine,Pants and Jeans,,38|40|42|44|46|48,19.5
2747,Masculine,Suits,,M|L|XL|XXL,19.6
2748,Masculine,Sportswear,,M|L|XL|XXL,11.54
2749,Masculine,Blazers,,M|L|XL|XXL,14.41
2750,Masculine,Accessories,,,8.71
2751,Children,Baby (0-12 months),RED,P|M|G,3.15
2752,Children,"Girl and Boy (1-5 years, 6-14 years)",GREEN,P|M|G|GG,15.56
2753,Children,Coats,LILAC,P|M|G,26.51
2754,Children,Sweaters,,P|M|G,13.15
2755,Children,Pajamas-2,,P|M|G,19.22
2756,Children,Accessories,,,6.99
2757,Feminine,Coats and Blazers,PINK,S|M|L|XL,53.21
2758,Feminine,Sweaters and Knitwear,RED,S|M|L|XL,7.46
2759,Feminine,Dresses and Jumpsuits,LILAC,S|M|L|XL,15.42
2760,Feminine,Shirts and Blouses,,S|M|L|XL,20.03
2761,Feminine,T-shirts and Tops,,S|M|L|XL,16.93
2762,Feminine,Pants and Jeans,,36|38|40|42|44|46,31.97
2763,Feminine,Skirts and Shorts,,S|M|L|XL,7.11
2764,Feminine,Suits and Sets,,S|M|L|XL,27.13
2765,Feminine,Sportswear,,S|M|L|XL,8.05
2766,Feminine,Pajamas,,S|M|L|XL,5
2767,Feminine,Accessories,,,12.15
2768,Masculine,Coats and Blazers,RED,M|L|XL|XXL,39.73
2769,Masculine,Sweaters and Sweatshirts,YELLOW,M|L|XL|XXL,31.28
2770,Masculine,T-shirts and Polos,NEUTRAL,M|L|XL|XXL,29.18
2771,Masculine,Shirts,,M|L|XL|XXL,11.12
2772,Masculine,Pants and Jeans,,38|40|42|44|46,49.87
2773,Masculine,Suits,,M|L|XL|XXL,33.18
2774,Masculine,Sportswear,,M|L|XL|XXL,18.07
2775,Masculine,Blazers,,M|L|XL|XXL,2.59
2776,Masculine,Accessories,,,6.76
2777,Children,Baby (0-12 months),YELLOW,P|M|G,6.51
2778,Children,"Girl and Boy (1-5 years, 6-14 years)",WHITE,P|M|G,13.76
2779,Children,Coats,,P|M|G,15.14
2780,Children,Sweaters,,P|M|G,4.54
2781,Children,Pajamas-2,,P|M|G,9.12
2782,Children,Accessories,,,1.29
2783,Feminine,Coats and Blazers,BEIGE,S|M|L|XL,35.51
2784,Feminine,Sweaters and Knitwear,SILVER,S|M|L|XL,17.88
2785,Feminine,Dresses and Jumpsuits,RED,S|M|L,6.64
2786,Feminine,Shirts and Blouses,,S|M|L|XL,6.75
2787,Feminine,T-shirts and Tops,,S|M|L|XL,7.84
2788,Feminine,Pants and Jeans,,36|38|40|42|44|46,47.8
2789,Feminine,Skirts and Shorts,,S|M|L|XL,15.54
2790,Feminine,Suits and Sets,,S|M|L|XL,50.44
2791,Feminine,Sportswear,,S|M|L|XL,9.06
2792,Feminine,Pajamas,,S|M|L|XL,12.18
2793,Feminine,Accessories,,,5.65
2794,Masculine,Coats and Blazers,YELLOW,M|L|XL|XXL,31.98
2795,Masculine,Sweaters and Sweatshirts,BLUE,M|L|XL|XXL,11.41
2796,Masculine,T-shirts and Polos,BEIGE,M|L|XL,22.04
2797,Masculine,Shirts,,M|L|XL|XXL,10.15
2798,Masculine,Pants and Jeans,,38|40|42|44|46|48,13.25
2799,Masculine,Suits,,M|L|XL|XXL,10.15
2800,Masculine,Sportswear,,M|L|XL|XXL,5.87
2801,Masculine,Blazers,,M|L|XL|XXL,10.14
2802,Masculine,Accessories,,,6.49
2803,Children,Baby (0-12 months),GREEN,P|M|G,6.88
2804,Children,"Girl and Boy (1-5 years, 6-14 years)",GREEN,P|M|G|GG,15
2805,Children,Coats,GREEN,P|M|G,5.06
2806,Children,Sweaters,,P|M|G,21.99
2807,Children,Pajamas-2,,P|M|G,5.97
2808,Children,Accessories,,,3.35
2809,Feminine,Coats and Blazers,,S|M|L,13
2810,Feminine,Sweaters and Knitwear,,S|M|L|XL,31.03
2811,Feminine,Dresses and Jumpsuits,LILAC,S|M|L|XL,27.79
2812,Feminine,Shirts and Blouses,,S|M|L,14
2813,Feminine,T-shirts and Tops,,S|M|L|XL,6.69
2814,Feminine,Pants and Jeans,,36|38|40|42|44|46,17.38
2815,Feminine,Skirts and Shorts,,S|M|L|XL,15.85
2816,Feminine,Suits and Sets,,S|M|L|XL,16.67
2817,Feminine,Sportswear,,S|M|L|XL,22.68
2818,Feminine,Pajamas,,S|M|L|XL,10.61
2819,Feminine,Accessories,,,2.78
2820,Masculine,Coats and Blazers,BEIGE,M|L|XL|XXL,19.22
2821,Masculine,Sweaters and Sweatshirts,,M|L|XL|XXL,18.84
2822,Masculine,T-shirts and Polos,NEUTRAL,M|L|XL|XXL,22.23
2823,Masculine,Shirts,,M|L|XL|XXL,8.69
2824,Masculine,Pants and Jeans,,38|40|42|44|46|48,41.36
2825,Masculine,Suits,,M|L|XL|XXL,68.81
2826,Masculine,Sportswear,,M|L|XL|XXL,20.39
2827,Masculine,Blazers,,M|L|XL|XXL,9.6
2828,Masculine,Accessories,,,9.21
2829,Children,Baby (0-12 months),RED,P|M|G,10.11
2830,Children,"Girl and Boy (1-5 years, 6-14 years)",BURGUNDY,P|M|G|GG,23.31
2831,Children,Coats,,P|M|G,25.49
2832,Children,Sweaters,,P|M|G,5.67
2833,Children,Pajamas-2,,P|M|G,17
2834,Children,Accessories,,,8.86
2835,Feminine,Coats and Blazers,BLUE,S|M|L|XL,18.47
2836,Feminine,Sweaters and Knitwear,MUSTARD,S|M|L|XL,7.49
2837,Feminine,Dresses and Jumpsuits,LILAC,S|M|L|XL,16.47
2838,Feminine,Shirts and Blouses,,S|M|L|XL,6.52
2839,Feminine,T-shirts and Tops,,S|M|L|XL,11.85
2840,Feminine,Pants and Jeans,,36|38|40|42|44|46,19.92
2841,Feminine,Skirts and Shorts,,S|M|L|XL,14.55
2842,Feminine,Suits and Sets,,S|M|L,21.94
2843,Feminine,Sportswear,,S|M|L|XL,8.4
2844,Feminine,Pajamas,,S|M|L|XL,14.92
2845,Feminine,Accessories,,,1.03
2846,Masculine,Coats and Blazers,,M|L|XL|XXL,26.9
2847,Masculine,Sweaters and Sweatshirts,PINK,M|L|XL|XXL,9.76
2848,Masculine,T-shirts and Polos,WHITE,M|L|XL|XXL,6.58
2849,Masculine,Shirts,,M|L|XL|XXL,15.3
2850,Masculine,Pants and Jeans,,38|40|42|44|46|48,37.79
2851,Masculine,Suits,,M|L|XL|XXL,15.33
2852,Masculine,Sportswear,,M|L|XL|XXL,6.69
2853,Masculine,Blazers,,M|L|XL|XXL,17.9
2854,Masculine,Accessories,,,6.74
2855,Children,Baby (0-12 months),BLACK,P|M|G,8.11
2856,Children,"Girl and Boy (1-5 years, 6-14 years)",RED,P|M|G|GG,11.32
2857,Children,Coats,RED,P|M|G,10.37
2858,Children,Sweaters,,P|M|G,6.41
2859,Children,Pajamas-2,,P|M|G,8.33
2860,Children,Accessories,,,6.64
2861,Feminine,Coats and Blazers,NEUTRAL,S|M|L|XL,33.61
2862,Feminine,Sweaters and Knitwear,SILVER,S|M|L|XL,26.81
2863,Feminine,Dresses and Jumpsuits,PINK,S|M|L|XL,33.57
2864,Feminine,Shirts and Blouses,,S|M|L|XL,27.01
2865,Feminine,T-shirts and Tops,,S|M|L|XL,3.91
2866,Feminine,Pants and Jeans,,36|38|40|42|44|46,17.94
2867,Feminine,Skirts and Shorts,,S|M|L|XL,16.68
2868,Feminine,Suits and Sets,,S|M|L|XL,38.41
2869,Feminine,Sportswear,,S|M|L,21.21
2870,Feminine,Pajamas,,S|M|L|XL,9.18
2871,Feminine,Accessories,,,9.45
2872,Masculine,Coats and Blazers,GREEN,M|L|XL|XXL,15.45
2873,Masculine,Sweaters and Sweatshirts,GREEN,M|L|XL|XXL,10.62
2874,Masculine,T-shirts and Polos,LILAC,M|L|XL|XXL,7.59
2875,Masculine,Shirts,,M|L|XL|XXL,19.97
2876,Masculine,Pants and Jeans,,38|40|42|44|46|48,30.37
2877,Masculine,Suits,,M|L|XL|XXL,25.52
2878,Masculine,Sportswear,,M|L|XL|XXL,20.4
2879,Masculine,Blazers,,M|L|XL|XXL,7.63
2880,Masculine,Accessories,,,9.89
2881,Children,Baby (0-12 months),PINK,P|M|G,17.19
2882,Children,"Girl and Boy (1-5 years, 6-14 years)",BEIGE,P|M|G|GG,15.56
2883,Children,Coats,NEUTRAL,P|M|G,21.39
2884,Children,Sweaters,,P|M|G,17.37
2885,Children,Pajamas-2,,P|M|G,7.78
2886,Children,Accessories,,,9.57
2887,Feminine,Coats and Blazers,,S|M|L|XL,8.5
2888,Feminine,Sweaters and Knitwear,NEUTRAL,S|M|L|XL,33.23
2889,Feminine,Dresses and Jumpsuits,,S|M|L|XL,10.08
2890,Feminine,Shirts and Blouses,,S|M|L|XL,8.16
2891,Feminine,T-shirts and Tops,,S|M|L|XL,7.03
2892,Feminine,Pants and Jeans,,36|38|40|42|44|46,6.41
2893,Feminine,Skirts and Shorts,,S|M|L|XL,12.56
2894,Feminine,Suits and Sets,,S|M|L|XL,34.44
2895,Feminine,Sportswear,,S|M|L|XL,28.67
2896,Feminine,Pajamas,,S|M|L|XL,14.84
2897,Feminine,Accessories,,,3.99
2898,Masculine,Coats and Blazers,BEIGE,M|L|XL|XXL,39.62
2899,Masculine,Sweaters and Sweatshirts,BEIGE,M|L|XL|XXL,10.97
2900,Masculine,T-shirts and Polos,BLUE,M|L|XL|XXL,15.95
2901,Masculine,Shirts,,M|L|XL|XXL,15.38
2902,Masculine,Pants and Jeans,,38|40|42|44|46|48,37.26
2903,Masculine,Suits,,M|L|XL|XXL,31.09
2904,Masculine,Sportswear,,M|L|XL|XXL,22
2905,Masculine,Blazers,,M|L|XL|XXL,23
2906,Masculine,Accessories,,,9.68
2907,Children,Baby (0-12 months),SILVER,P|M|G,11.13
2908,Children,"Girl and Boy (1-5 years, 6-14 years)",BEIGE,P|M|G|GG,19.64
2909,Children,Coats,BEIGE,P|M|G,28.87
2910,Children,Sweaters,,P|M|G,11.56
2911,Children,Pajamas-2,,P|M|G,6.84
2912,Children,Accessories,,,3.71
2913,Feminine,Coats and Blazers,LILAC,S|M|L|XL,35.41
2914,Feminine,Sweaters and Knitwear,GOLD,S|M|L|XL,7.63
2915,Feminine,Dresses and Jumpsuits,BEIGE,S|M|L|XL,20.7
2916,Feminine,Shirts and Blouses,,S|M|L|XL,5.78
2917,Feminine,T-shirts and Tops,,S|M|L|XL,7.61
2918,Feminine,Pants and Jeans,,36|38|40|42|44|46,32.78
2919,Feminine,Skirts and Shorts,,S|M|L|XL,9.32
2920,Feminine,Suits and Sets,,S|M|L|XL,21.06
2921,Feminine,Sportswear,,S|M|L|XL,19.15
2922,Feminine,Pajamas,,S|M|L|XL,15.76
2923,Feminine,Accessories,,,8.14
2924,Masculine,Coats and Blazers,NEUTRAL,M|L|XL|XXL,19.51
2925,Masculine,Sweaters and Sweatshirts,BLUE,M|L|XL|XXL,14.96
2926,Masculine,T-shirts and Polos,BEIGE,M|L|XL|XXL,11.52
2927,Masculine,Shirts,,M|L|XL|XXL,9.11
2928,Masculine,Pants and Jeans,,38|40|42|44|46|48,17.59
2929,Masculine,Suits,,M|L|XL|XXL,57.86
2930,Masculine,Sportswear,,M|L|XL|XXL,29.36
2931,Masculine,Blazers,,M|L|XL|XXL,7.24
2932,Masculine,Accessories,,,7.89
2933,Children,Baby (0-12 months),GOLD,P|M|G,13.67
2934,Children,"Girl and Boy (1-5 years, 6-14 years)",TURQUOISE,P|M|G|GG,21.25
2935,Children,Coats,PINK,P|M|G,10.13
2936,Children,Sweaters,,P|M|G,24.48
2937,Children,Pajamas-2,,P|M|G,6.82
2938,Children,Accessories,,,1.75
2939,Feminine,Coats and Blazers,,S|M|L|XL,30.27
2940,Feminine,Sweaters and Knitwear,BLUE,S|M|L|XL,14.23
2941,Feminine,Dresses and Jumpsuits,GREEN,S|M|L|XL,8.98
2942,Feminine,Shirts and Blouses,,S|M|L|XL,6.47
2943,Feminine,T-shirts and Tops,,S|M|L|XL,3.5
2944,Feminine,Pants and Jeans,,36|38|40|42|44|46,19.13
2945,Feminine,Skirts and Shorts,,S|M|L|XL,8.84
2946,Feminine,Suits and Sets,,S|M|L|XL,70.95
2947,Feminine,Sportswear,,S|M|L|XL,13.08
2948,Feminine,Pajamas,,S|M|L,12.11
2949,Feminine,Accessories,,,13.54
2950,Masculine,Coats and Blazers,MUSTARD,M|L|XL|XXL,13.98
2951,Masculine,Sweaters and Sweatshirts,YELLOW,M|L|XL|XXL,10.82
2952,Masculine,T-shirts and Polos,,M|L|XL|XXL,17.56
2953,Masculine,Shirts,,M|L|XL|XXL,13.57
2954,Masculine,Pants and Jeans,,38|40|42|44,23.89
2955,Masculine,Suits,,M|L|XL|XXL,42.2
2956,Masculine,Sportswear,,M|L|XL|XXL,4.47
2957,Masculine,Blazers,,M|L|XL|XXL,11.41
2958,Masculine,Accessories,SILVER,,13.77
2959,Children,Baby (0-12 months),BEIGE,P|M|G,2.18
2960,Children,"Girl and Boy (1-5 years, 6-14 years)",BEIGE,P|M|G|GG,9.66
2961,Children,Coats,LILAC,P|M|G,16.66
2962,Children,Sweaters,,P|M|G,9.45
2963,Children,Pajamas-2,,P|M|G,12.94
2964,Children,Accessories,,,12.76
2965,Feminine,Coats and Blazers,BLACK,S|M|L|XL,15.98
2966,Feminine,Sweaters and Knitwear,BLUE,S|M|L|XL,10.25
2967,Feminine,Dresses and Jumpsuits,MUSTARD,S|M|L|XL,15.89
2968,Feminine,Shirts and Blouses,,S|M|L|XL,23.9
2969,Feminine,T-shirts and Tops,,S|M|L|XL,19.83
2970,Feminine,Pants and Jeans,,36|38|40|42|44|46,18.78
2971,Feminine,Skirts and Shorts,,S|M|L|XL,11.24
2972,Feminine,Suits and Sets,,S|M|L|XL,59
2973,Feminine,Sportswear,,S|M|L|XL,18.46
2974,Feminine,Pajamas,,S|M|L|XL,14.84
2975,Feminine,Accessories,NEUTRAL,,8.57
2976,Masculine,Coats and Blazers,LILAC,M|L|XL|XXL,43.42
2977,Masculine,Sweaters and Sweatshirts,,M|L|XL|XXL,21.42
2978,Masculine,T-shirts and Polos,GOLD,M|L|XL|XXL,10.72
2979,Masculine,Shirts,,M|L|XL|XXL,15.16
2980,Masculine,Pants and Jeans,BLUE,38|40|42|44|46|48,29.54
2981,Masculine,Suits,,M|L|XL|XXL,17.01
2982,Masculine,Sportswear,,M|L|XL|XXL,12.08
2983,Masculine,Blazers,,M|L|XL|XXL,14.55
2984,Masculine,Accessories,,,2.99
2985,Children,Baby (0-12 months),TURQUOISE,P|M|G,10.54
2986,Children,"Girl and Boy (1-5 years, 6-14 years)",GREEN,P|M|G,20.45
2987,Children,Coats,LILAC,P|M|G,18.11
2988,Children,Sweaters,,P|M|G,21.09
2989,Children,Pajamas-2,,P|M|G,17.97
2990,Children,Accessories,,,2
2991,Feminine,Coats and Blazers,,S|M|L|XL,4.94
2992,Feminine,Sweaters and Knitwear,RED,S|M|L|XL,32.91
2993,Feminine,Dresses and Jumpsuits,GOLD,S|M|L|XL,25.65
2994,Feminine,Shirts and Blouses,,S|M|L|XL,7.35
2995,Feminine,T-shirts and Tops,,S|M|L|XL,5.43
2996,Feminine,Pants and Jeans,,36|38|40|42|44|46,40.57
2997,Feminine,Skirts and Shorts,,S|M|L|XL,7.33
2998,Feminine,Suits and Sets,,S|M|L|XL,37.93
2999,Feminine,Sportswear,,S|M|L|XL,22.01
3000,Feminine,Pajamas,,S|M|L|XL,8.03
3001,Feminine,Accessories,,,5.9
3002,Masculine,Coats and Blazers,WHITE,M|L|XL|XXL,51.25
3003,Masculine,Sweaters and Sweatshirts,GOLD,M|L|XL,9.63
3004,Masculine,T-shirts and Polos,WHITE,M|L|XL|XXL,18.41
3005,Masculine,Shirts,,M|L|XL|XXL,5.25
3006,Masculine,Pants and Jeans,,38|40|42|44|46|48,29.39
3007,Masculine,Suits,,M|L|XL|XXL,61.9
3008,Masculine,Sportswear,,M|L|XL,9.31
3009,Masculine,Blazers,,M|L|XL,4.83
3010,Masculine,Accessories,,,9.02
3011,Children,Baby (0-12 months),MUSTARD,P|M|G,9.82
3012,Children,"Girl and Boy (1-5 years, 6-14 years)",,P|M|G|GG,11.02
3013,Children,Coats,,P|M|G,19.71
3014,Children,Sweaters,,P|M|G,19.67
3015,Children,Pajamas-2,,P|M|G,5.51
3016,Children,Accessories,,,6.65
3017,Feminine,Coats and Blazers,,S|M|L|XL,14.66
3018,Feminine,Sweaters and Knitwear,PINK,S|M|L|XL,7.37
3019,Feminine,Dresses and Jumpsuits,BLACK,S|M|L|XL,32.49
3020,Feminine,Shirts and Blouses,,S|M|L|XL,21.33
3021,Feminine,T-shirts and Tops,,S|M|L|XL,6.43
3022,Feminine,Pants and Jeans,,36|38|40|42|44|46,6.19
3023,Feminine,Skirts and Shorts,,S|M|L|XL,13.48
3024,Feminine,Suits and Sets,,S|M|L|XL,30.15
3025,Feminine,Sportswear,,S|M|L,6.64
3026,Feminine,Pajamas,,S|M|L|XL,9.57
3027,Feminine,Accessories,,,1.45
3028,Masculine,Coats and Blazers,MUSTARD,M|L|XL|XXL,23.64
3029,Masculine,Sweaters and Sweatshirts,BEIGE,M|L|XL|XXL,21.29
3030,Masculine,T-shirts and Polos,BLUE,M|L|XL|XXL,14.68
3031,Masculine,Shirts,,M|L|XL,2.7
3032,Masculine,Pants and Jeans,,38|40|42|44|46|48,33.42
3033,Masculine,Suits,,M|L|XL|XXL,51.58
3034,Masculine,Sportswear,,M|L|XL|XXL,10.89
3035,Masculine,Blazers,,M|L|XL|XXL,10.12
3036,Masculine,Accessories,,,2.66
3037,Children,Baby (0-12 months),SILVER,P|M|G,6.74
3038,Children,"Girl and Boy (1-5 years, 6-14 years)",,P|M|G|GG,18.1
3039,Children,Coats,BLUE,P|M|G,18.46
3040,Children,Sweaters,,P|M|G,13.3
3041,Children,Pajamas-2,,P|M|G,14.07
3042,Children,Accessories,,,5.67
3043,Feminine,Coats and Blazers,BEIGE,S|M|L,24.57
3044,Feminine,Sweaters and Knitwear,BLUE,S|M|L|XL,10.81
3045,Feminine,Dresses and Jumpsuits,BLACK,S|M|L|XL,13.01
3046,Feminine,Shirts and Blouses,,S|M|L|XL,26.25
3047,Feminine,T-shirts and Tops,,S|M|L|XL,18.7
3048,Feminine,Pants and Jeans,,36|38|40|42|44|46,19.05
3049,Feminine,Skirts and Shorts,,S|M|L,8.42
3050,Feminine,Suits and Sets,,S|M|L|XL,15.95
3051,Feminine,Sportswear,,S|M|L|XL,26.85
3052,Feminine,Pajamas,,S|M|L|XL,4.95
3053,Feminine,Accessories,,,0.86
3054,Masculine,Coats and Blazers,RED,M|L|XL|XXL,14.44
3055,Masculine,Sweaters and Sweatshirts,,M|L|XL|XXL,11.78
3056,Masculine,T-shirts and Polos,BLUE,M|L|XL|XXL,14.57
3057,Masculine,Shirts,,M|L|XL|XXL,5.94
3058,Masculine,Pants and Jeans,,38|40|42|44|46|48,34.18
3059,Masculine,Suits,,M|L|XL,16.27
3060,Masculine,Sportswear,,M|L|XL|XXL,13.45
3061,Masculine,Blazers,,M|L|XL|XXL,13.72
3062,Masculine,Accessories,,,7.93
3063,Children,Baby (0-12 months),YELLOW,P|M|G,23.18
3064,Children,"Girl and Boy (1-5 years, 6-14 years)",LILAC,P|M|G|GG,17.23
3065,Children,Coats,BLACK,P|M|G,9.25
3066,Children,Sweaters,,P|M|G,10.55
3067,Children,Pajamas-2,,P|M|G,16.86
3068,Children,Accessories,,,5.43
3069,Feminine,Coats and Blazers,YELLOW,S|M|L|XL,40.34
3070,Feminine,Sweaters and Knitwear,BEIGE,S|M|L|XL,20.98
3071,Feminine,Dresses and Jumpsuits,SILVER,S|M|L|XL,8.95
3072,Feminine,Shirts and Blouses,,S|M|L|XL,30.26
3073,Feminine,T-shirts and Tops,,S|M|L|XL,8.36
3074,Feminine,Pants and Jeans,,36|38|40|42|44|46,43.05
3075,Feminine,Skirts and Shorts,,S|M|L|XL,11.33
3076,Feminine,Suits and Sets,,S|M|L,34.47
3077,Feminine,Sportswear,,S|M|L|XL,14.87
3078,Feminine,Pajamas,,S|M|L,7.86
3079,Feminine,Accessories,,,5.15
3080,Masculine,Coats and Blazers,PINK,M|L|XL,22.67
3081,Masculine,Sweaters and Sweatshirts,TURQUOISE,M|L|XL|XXL,18.32
3082,Masculine,T-shirts and Polos,WHITE,M|L|XL|XXL,11.35
3083,Masculine,Shirts,,M|L|XL|XXL,6.9
3084,Masculine,Pants and Jeans,,38|40|42|44|46|48,14.72
3085,Masculine,Suits,,M|L|XL|XXL,28.89
3086,Masculine,Sportswear,,M|L|XL|XXL,7.82
3087,Masculine,Blazers,,M|L|XL|XXL,5.71
3088,Masculine,Accessories,,,7.34
3089,Children,Baby (0-12 months),NEUTRAL,P|M|G,3.59
3090,Children,"Girl and Boy (1-5 years, 6-14 years)",,P|M|G|GG,30.03
3091,Children,Coats,BLACK,P|M|G,26.35
3092,Children,Sweaters,,P|M|G,14.09
3093,Children,Pajamas-2,,P|M|G,18.99
3094,Children,Accessories,,,3.32
3095,Feminine,Coats and Blazers,BLACK,S|M|L|XL,16.25
3096,Feminine,Sweaters and Knitwear,NEUTRAL,S|M|L|XL,6.51
3097,Feminine,Dresses and Jumpsuits,WHITE,S|M|L|XL,26.29
3098,Feminine,Shirts and Blouses,,S|M|L|XL,26.94
3099,Feminine,T-shirts and Tops,,S|M|L|XL,3.68
3100,Feminine,Pants and Jeans,,36|38|40|42|44|46,41.15
3101,Feminine,Skirts and Shorts,,S|M|L|XL,4.01
3102,Feminine,Suits and Sets,,S|M|L|XL,66.04
3103,Feminine,Sportswear,,S|M|L|XL,13.42
3104,Feminine,Pajamas,,S|M|L|XL,8.11
3105,Feminine,Accessories,,,3.74
3106,Masculine,Coats and Blazers,BLUE,M|L|XL|XXL,36.64
3107,Masculine,Sweaters and Sweatshirts,NEUTRAL,M|L|XL|XXL,15.02
3108,Masculine,T-shirts and Polos,PINK,M|L|XL|XXL,6.57
3109,Masculine,Shirts,,M|L|XL|XXL,11.12
3110,Masculine,Pants and Jeans,,38|40|42|44|46|48,16.93
3111,Masculine,Suits,,M|L|XL|XXL,14.3
3112,Masculine,Sportswear,,M|L|XL|XXL,13.28
3113,Masculine,Blazers,,M|L|XL|XXL,3.95
3114,Masculine,Accessories,,,4.06
3115,Children,Baby (0-12 months),LILAC,P|M|G,8
3116,Children,"Girl and Boy (1-5 years, 6-14 years)",LILAC,P|M|G,9.66
3117,Children,Coats,YELLOW,P|M|G,9.33
3118,Children,Sweaters,,P|M|G,17.3
3119,Children,Pajamas-2,,P|M|G,14.91
3120,Children,Accessories,,,4.38
